2026-01-28 12:36:45,279 DEBUG    pid:153008 matplotlib:342:wrapper CACHEDIR=/users/1/lundq163/.cache/matplotlib
2026-01-28 12:36:45,283 DEBUG    pid:153008 matplotlib.font_manager:1635:_load_fontmanager Using fontManager instance from /users/1/lundq163/.cache/matplotlib/fontlist-v390.json
2026-01-28 12:36:48,541 INFO     pid:153008 __main__:187:_init_model Using Regressor model
2026-01-28 12:36:48,541 INFO     pid:153008 __main__:193:_init_model Moving model to device: cuda
2026-01-28 12:36:53,769 INFO     pid:153008 __main__:571:main Starting training...
2026-01-28 12:36:53,769 INFO     pid:153008 __main__:578:main GPU Device: NVIDIA A100-SXM4-40GB
2026-01-28 12:36:53,769 INFO     pid:153008 __main__:579:main Total GPU Memory: 42.41 GB
2026-01-28 12:36:53,837 INFO     pid:153008 data_sets.dsets:256:__init__ <data_sets.dsets.AutoQcDataset object at 0x7f2d0c7bc740>: 819 training samples
2026-01-28 12:36:54,420 INFO     pid:153008 data_sets.dsets:256:__init__ <data_sets.dsets.AutoQcDataset object at 0x7f2d0c841310>: 205 validation samples
2026-01-28 12:36:54,556 INFO     pid:153008 __main__:612:main Epoch 1/100
2026-01-28 12:36:54,556 INFO     pid:153008 __main__:616:main GPU Memory Allocated: 0.08 GB
2026-01-28 12:36:54,556 INFO     pid:153008 __main__:617:main GPU Memory Reserved: 0.08 GB
2026-01-28 12:36:54,589 WARNING  pid:153008 util.util:091:enumerateWithEstimate E1 Training ----/103, starting
2026-01-28 12:40:25,087 INFO     pid:153008 util.util:111:enumerateWithEstimate E1 Training   32/103, done at 2026-01-28 12:49:21, 0:11:36
2026-01-28 12:46:26,879 INFO     pid:153008 util.util:111:enumerateWithEstimate E1 Training   64/103, done at 2026-01-28 12:52:41, 0:14:57
2026-01-28 12:52:55,559 WARNING  pid:153008 util.util:126:enumerateWithEstimate E1 Training ----/103, done at 2026-01-28 12:52:55
2026-01-28 12:52:55,560 WARNING  pid:153008 util.util:091:enumerateWithEstimate E1 Validation ----/26, starting
2026-01-28 13:03:39,546 WARNING  pid:153008 util.util:126:enumerateWithEstimate E1 Validation ----/26, done at 2026-01-28 13:03:39
2026-01-28 13:03:39,603 INFO     pid:153008 __main__:646:main New best validation loss: 45.641204833984375
2026-01-28 13:03:39,794 INFO     pid:153008 __main__:208:save_model Model saved successfully to /scratch.global/lundq163/auto_qc/auto_qc_model_02r7/model_02r7_fold_0.pt
2026-01-28 13:03:39,795 INFO     pid:153008 __main__:652:main Current learning rate: 0.001
2026-01-28 13:03:39,807 INFO     pid:153008 __main__:612:main Epoch 2/100
2026-01-28 13:03:39,808 INFO     pid:153008 __main__:616:main GPU Memory Allocated: 0.37 GB
2026-01-28 13:03:39,808 INFO     pid:153008 __main__:617:main GPU Memory Reserved: 2.73 GB
2026-01-28 13:03:39,809 WARNING  pid:153008 util.util:091:enumerateWithEstimate E2 Training ----/103, starting
2026-01-28 13:04:16,128 INFO     pid:153008 util.util:111:enumerateWithEstimate E2 Training   32/103, done at 2026-01-28 13:05:17, 0:01:19
2026-01-28 13:04:40,491 INFO     pid:153008 util.util:111:enumerateWithEstimate E2 Training   64/103, done at 2026-01-28 13:05:11, 0:01:13
2026-01-28 13:05:09,086 WARNING  pid:153008 util.util:126:enumerateWithEstimate E2 Training ----/103, done at 2026-01-28 13:05:09
2026-01-28 13:05:09,087 WARNING  pid:153008 util.util:091:enumerateWithEstimate E2 Validation ----/26, starting
2026-01-28 13:05:25,763 WARNING  pid:153008 util.util:126:enumerateWithEstimate E2 Validation ----/26, done at 2026-01-28 13:05:25
2026-01-28 13:05:26,055 INFO     pid:153008 __main__:646:main New best validation loss: 38.09707260131836
2026-01-28 13:05:26,290 INFO     pid:153008 __main__:208:save_model Model saved successfully to /scratch.global/lundq163/auto_qc/auto_qc_model_02r7/model_02r7_fold_0.pt
2026-01-28 13:05:26,290 INFO     pid:153008 __main__:652:main Current learning rate: 0.001
2026-01-28 13:05:26,305 INFO     pid:153008 __main__:612:main Epoch 3/100
2026-01-28 13:05:26,306 INFO     pid:153008 __main__:616:main GPU Memory Allocated: 0.37 GB
2026-01-28 13:05:26,306 INFO     pid:153008 __main__:617:main GPU Memory Reserved: 2.02 GB
2026-01-28 13:05:26,307 WARNING  pid:153008 util.util:091:enumerateWithEstimate E3 Training ----/103, starting
2026-01-28 13:05:59,065 INFO     pid:153008 util.util:111:enumerateWithEstimate E3 Training   32/103, done at 2026-01-28 13:06:52, 0:01:09
2026-01-28 13:06:24,177 INFO     pid:153008 util.util:111:enumerateWithEstimate E3 Training   64/103, done at 2026-01-28 13:06:53, 0:01:10
2026-01-28 13:06:52,913 WARNING  pid:153008 util.util:126:enumerateWithEstimate E3 Training ----/103, done at 2026-01-28 13:06:52
2026-01-28 13:06:52,914 WARNING  pid:153008 util.util:091:enumerateWithEstimate E3 Validation ----/26, starting
2026-01-28 13:07:10,268 WARNING  pid:153008 util.util:126:enumerateWithEstimate E3 Validation ----/26, done at 2026-01-28 13:07:10
2026-01-28 13:07:11,069 INFO     pid:153008 __main__:652:main Current learning rate: 0.001
2026-01-28 13:07:11,082 INFO     pid:153008 __main__:612:main Epoch 4/100
2026-01-28 13:07:11,082 INFO     pid:153008 __main__:616:main GPU Memory Allocated: 0.37 GB
2026-01-28 13:07:11,083 INFO     pid:153008 __main__:617:main GPU Memory Reserved: 2.02 GB
2026-01-28 13:07:11,083 WARNING  pid:153008 util.util:091:enumerateWithEstimate E4 Training ----/103, starting
2026-01-28 13:07:42,710 INFO     pid:153008 util.util:111:enumerateWithEstimate E4 Training   32/103, done at 2026-01-28 13:08:37, 0:01:11
2026-01-28 13:08:07,313 INFO     pid:153008 util.util:111:enumerateWithEstimate E4 Training   64/103, done at 2026-01-28 13:08:36, 0:01:10
2026-01-28 13:08:36,197 WARNING  pid:153008 util.util:126:enumerateWithEstimate E4 Training ----/103, done at 2026-01-28 13:08:36
2026-01-28 13:08:36,198 WARNING  pid:153008 util.util:091:enumerateWithEstimate E4 Validation ----/26, starting
2026-01-28 13:08:53,602 WARNING  pid:153008 util.util:126:enumerateWithEstimate E4 Validation ----/26, done at 2026-01-28 13:08:53
2026-01-28 13:08:53,970 INFO     pid:153008 __main__:652:main Current learning rate: 0.001
2026-01-28 13:08:53,984 INFO     pid:153008 __main__:612:main Epoch 5/100
2026-01-28 13:08:53,984 INFO     pid:153008 __main__:616:main GPU Memory Allocated: 0.37 GB
2026-01-28 13:08:53,985 INFO     pid:153008 __main__:617:main GPU Memory Reserved: 2.02 GB
2026-01-28 13:08:53,985 WARNING  pid:153008 util.util:091:enumerateWithEstimate E5 Training ----/103, starting
2026-01-28 13:09:27,818 INFO     pid:153008 util.util:111:enumerateWithEstimate E5 Training   32/103, done at 2026-01-28 13:10:21, 0:01:10
2026-01-28 13:09:52,306 INFO     pid:153008 util.util:111:enumerateWithEstimate E5 Training   64/103, done at 2026-01-28 13:10:21, 0:01:09
2026-01-28 13:10:20,912 WARNING  pid:153008 util.util:126:enumerateWithEstimate E5 Training ----/103, done at 2026-01-28 13:10:20
2026-01-28 13:10:20,913 WARNING  pid:153008 util.util:091:enumerateWithEstimate E5 Validation ----/26, starting
2026-01-28 13:10:38,816 WARNING  pid:153008 util.util:126:enumerateWithEstimate E5 Validation ----/26, done at 2026-01-28 13:10:38
2026-01-28 13:10:39,027 INFO     pid:153008 __main__:652:main Current learning rate: 0.001
2026-01-28 13:10:39,041 INFO     pid:153008 __main__:612:main Epoch 6/100
2026-01-28 13:10:39,041 INFO     pid:153008 __main__:616:main GPU Memory Allocated: 0.37 GB
2026-01-28 13:10:39,041 INFO     pid:153008 __main__:617:main GPU Memory Reserved: 2.02 GB
2026-01-28 13:10:39,042 WARNING  pid:153008 util.util:091:enumerateWithEstimate E6 Training ----/103, starting
2026-01-28 13:11:12,309 INFO     pid:153008 util.util:111:enumerateWithEstimate E6 Training   32/103, done at 2026-01-28 13:12:06, 0:01:10
2026-01-28 13:11:36,797 INFO     pid:153008 util.util:111:enumerateWithEstimate E6 Training   64/103, done at 2026-01-28 13:12:06, 0:01:10
2026-01-28 13:12:05,484 WARNING  pid:153008 util.util:126:enumerateWithEstimate E6 Training ----/103, done at 2026-01-28 13:12:05
2026-01-28 13:12:05,485 WARNING  pid:153008 util.util:091:enumerateWithEstimate E6 Validation ----/26, starting
2026-01-28 13:12:23,011 WARNING  pid:153008 util.util:126:enumerateWithEstimate E6 Validation ----/26, done at 2026-01-28 13:12:23
2026-01-28 13:12:23,826 INFO     pid:153008 __main__:646:main New best validation loss: 27.195533752441406
2026-01-28 13:12:23,988 INFO     pid:153008 __main__:208:save_model Model saved successfully to /scratch.global/lundq163/auto_qc/auto_qc_model_02r7/model_02r7_fold_0.pt
2026-01-28 13:12:23,988 INFO     pid:153008 __main__:652:main Current learning rate: 0.001
2026-01-28 13:12:24,001 INFO     pid:153008 __main__:612:main Epoch 7/100
2026-01-28 13:12:24,001 INFO     pid:153008 __main__:616:main GPU Memory Allocated: 0.37 GB
2026-01-28 13:12:24,002 INFO     pid:153008 __main__:617:main GPU Memory Reserved: 2.02 GB
2026-01-28 13:12:24,002 WARNING  pid:153008 util.util:091:enumerateWithEstimate E7 Training ----/103, starting
2026-01-28 13:12:57,749 INFO     pid:153008 util.util:111:enumerateWithEstimate E7 Training   32/103, done at 2026-01-28 13:13:52, 0:01:10
2026-01-28 13:13:22,801 INFO     pid:153008 util.util:111:enumerateWithEstimate E7 Training   64/103, done at 2026-01-28 13:13:52, 0:01:11
2026-01-28 13:13:51,220 WARNING  pid:153008 util.util:126:enumerateWithEstimate E7 Training ----/103, done at 2026-01-28 13:13:51
2026-01-28 13:13:51,221 WARNING  pid:153008 util.util:091:enumerateWithEstimate E7 Validation ----/26, starting
2026-01-28 13:14:08,225 WARNING  pid:153008 util.util:126:enumerateWithEstimate E7 Validation ----/26, done at 2026-01-28 13:14:08
2026-01-28 13:14:08,973 INFO     pid:153008 __main__:652:main Current learning rate: 0.001
2026-01-28 13:14:08,990 INFO     pid:153008 __main__:612:main Epoch 8/100
2026-01-28 13:14:08,991 INFO     pid:153008 __main__:616:main GPU Memory Allocated: 0.37 GB
2026-01-28 13:14:08,991 INFO     pid:153008 __main__:617:main GPU Memory Reserved: 2.02 GB
2026-01-28 13:14:08,992 WARNING  pid:153008 util.util:091:enumerateWithEstimate E8 Training ----/103, starting
2026-01-28 13:14:42,852 INFO     pid:153008 util.util:111:enumerateWithEstimate E8 Training   32/103, done at 2026-01-28 13:15:36, 0:01:09
2026-01-28 13:15:07,072 INFO     pid:153008 util.util:111:enumerateWithEstimate E8 Training   64/103, done at 2026-01-28 13:15:36, 0:01:09
2026-01-28 13:15:35,443 WARNING  pid:153008 util.util:126:enumerateWithEstimate E8 Training ----/103, done at 2026-01-28 13:15:35
2026-01-28 13:15:35,444 WARNING  pid:153008 util.util:091:enumerateWithEstimate E8 Validation ----/26, starting
2026-01-28 13:15:52,034 WARNING  pid:153008 util.util:126:enumerateWithEstimate E8 Validation ----/26, done at 2026-01-28 13:15:52
2026-01-28 13:15:52,407 INFO     pid:153008 __main__:652:main Current learning rate: 0.001
2026-01-28 13:15:52,421 INFO     pid:153008 __main__:612:main Epoch 9/100
2026-01-28 13:15:52,422 INFO     pid:153008 __main__:616:main GPU Memory Allocated: 0.37 GB
2026-01-28 13:15:52,422 INFO     pid:153008 __main__:617:main GPU Memory Reserved: 2.02 GB
2026-01-28 13:15:52,423 WARNING  pid:153008 util.util:091:enumerateWithEstimate E9 Training ----/103, starting
2026-01-28 13:16:24,454 INFO     pid:153008 util.util:111:enumerateWithEstimate E9 Training   32/103, done at 2026-01-28 13:17:17, 0:01:09
2026-01-28 13:16:48,838 INFO     pid:153008 util.util:111:enumerateWithEstimate E9 Training   64/103, done at 2026-01-28 13:17:17, 0:01:09
2026-01-28 13:17:17,585 WARNING  pid:153008 util.util:126:enumerateWithEstimate E9 Training ----/103, done at 2026-01-28 13:17:17
2026-01-28 13:17:17,586 WARNING  pid:153008 util.util:091:enumerateWithEstimate E9 Validation ----/26, starting
2026-01-28 13:17:35,110 WARNING  pid:153008 util.util:126:enumerateWithEstimate E9 Validation ----/26, done at 2026-01-28 13:17:35
2026-01-28 13:17:35,828 INFO     pid:153008 __main__:652:main Current learning rate: 0.001
2026-01-28 13:17:35,842 INFO     pid:153008 __main__:612:main Epoch 10/100
2026-01-28 13:17:35,842 INFO     pid:153008 __main__:616:main GPU Memory Allocated: 0.37 GB
2026-01-28 13:17:35,842 INFO     pid:153008 __main__:617:main GPU Memory Reserved: 2.02 GB
2026-01-28 13:17:35,843 WARNING  pid:153008 util.util:091:enumerateWithEstimate E10 Training ----/103, starting
2026-01-28 13:18:07,431 INFO     pid:153008 util.util:111:enumerateWithEstimate E10 Training   32/103, done at 2026-01-28 13:19:01, 0:01:09
2026-01-28 13:18:32,029 INFO     pid:153008 util.util:111:enumerateWithEstimate E10 Training   64/103, done at 2026-01-28 13:19:01, 0:01:09
2026-01-28 13:19:00,524 WARNING  pid:153008 util.util:126:enumerateWithEstimate E10 Training ----/103, done at 2026-01-28 13:19:00
2026-01-28 13:19:00,525 WARNING  pid:153008 util.util:091:enumerateWithEstimate E10 Validation ----/26, starting
2026-01-28 13:19:17,076 WARNING  pid:153008 util.util:126:enumerateWithEstimate E10 Validation ----/26, done at 2026-01-28 13:19:17
2026-01-28 13:19:17,167 INFO     pid:153008 __main__:652:main Current learning rate: 0.001
2026-01-28 13:19:17,181 INFO     pid:153008 __main__:612:main Epoch 11/100
2026-01-28 13:19:17,182 INFO     pid:153008 __main__:616:main GPU Memory Allocated: 0.37 GB
2026-01-28 13:19:17,182 INFO     pid:153008 __main__:617:main GPU Memory Reserved: 2.02 GB
2026-01-28 13:19:17,182 WARNING  pid:153008 util.util:091:enumerateWithEstimate E11 Training ----/103, starting
2026-01-28 13:19:50,426 INFO     pid:153008 util.util:111:enumerateWithEstimate E11 Training   32/103, done at 2026-01-28 13:20:45, 0:01:11
2026-01-28 13:20:15,292 INFO     pid:153008 util.util:111:enumerateWithEstimate E11 Training   64/103, done at 2026-01-28 13:20:44, 0:01:10
2026-01-28 13:20:44,740 WARNING  pid:153008 util.util:126:enumerateWithEstimate E11 Training ----/103, done at 2026-01-28 13:20:44
2026-01-28 13:20:44,741 WARNING  pid:153008 util.util:091:enumerateWithEstimate E11 Validation ----/26, starting
2026-01-28 13:21:02,004 WARNING  pid:153008 util.util:126:enumerateWithEstimate E11 Validation ----/26, done at 2026-01-28 13:21:02
2026-01-28 13:21:02,127 INFO     pid:153008 __main__:646:main New best validation loss: 1.4795448780059814
2026-01-28 13:21:02,291 INFO     pid:153008 __main__:208:save_model Model saved successfully to /scratch.global/lundq163/auto_qc/auto_qc_model_02r7/model_02r7_fold_0.pt
2026-01-28 13:21:02,291 INFO     pid:153008 __main__:652:main Current learning rate: 0.001
2026-01-28 13:21:02,304 INFO     pid:153008 __main__:612:main Epoch 12/100
2026-01-28 13:21:02,305 INFO     pid:153008 __main__:616:main GPU Memory Allocated: 0.37 GB
2026-01-28 13:21:02,305 INFO     pid:153008 __main__:617:main GPU Memory Reserved: 2.02 GB
2026-01-28 13:21:02,306 WARNING  pid:153008 util.util:091:enumerateWithEstimate E12 Training ----/103, starting
2026-01-28 13:21:36,321 INFO     pid:153008 util.util:111:enumerateWithEstimate E12 Training   32/103, done at 2026-01-28 13:22:30, 0:01:10
2026-01-28 13:22:00,865 INFO     pid:153008 util.util:111:enumerateWithEstimate E12 Training   64/103, done at 2026-01-28 13:22:30, 0:01:10
2026-01-28 13:22:29,498 WARNING  pid:153008 util.util:126:enumerateWithEstimate E12 Training ----/103, done at 2026-01-28 13:22:29
2026-01-28 13:22:29,500 WARNING  pid:153008 util.util:091:enumerateWithEstimate E12 Validation ----/26, starting
2026-01-28 13:22:46,070 WARNING  pid:153008 util.util:126:enumerateWithEstimate E12 Validation ----/26, done at 2026-01-28 13:22:46
2026-01-28 13:22:46,167 INFO     pid:153008 __main__:652:main Current learning rate: 0.001
2026-01-28 13:22:46,181 INFO     pid:153008 __main__:612:main Epoch 13/100
2026-01-28 13:22:46,181 INFO     pid:153008 __main__:616:main GPU Memory Allocated: 0.37 GB
2026-01-28 13:22:46,181 INFO     pid:153008 __main__:617:main GPU Memory Reserved: 2.02 GB
2026-01-28 13:22:46,182 WARNING  pid:153008 util.util:091:enumerateWithEstimate E13 Training ----/103, starting
2026-01-28 13:23:18,486 INFO     pid:153008 util.util:111:enumerateWithEstimate E13 Training   32/103, done at 2026-01-28 13:24:11, 0:01:09
2026-01-28 13:23:42,923 INFO     pid:153008 util.util:111:enumerateWithEstimate E13 Training   64/103, done at 2026-01-28 13:24:11, 0:01:09
2026-01-28 13:24:11,492 WARNING  pid:153008 util.util:126:enumerateWithEstimate E13 Training ----/103, done at 2026-01-28 13:24:11
2026-01-28 13:24:11,494 WARNING  pid:153008 util.util:091:enumerateWithEstimate E13 Validation ----/26, starting
2026-01-28 13:24:28,564 WARNING  pid:153008 util.util:126:enumerateWithEstimate E13 Validation ----/26, done at 2026-01-28 13:24:28
2026-01-28 13:24:29,300 INFO     pid:153008 __main__:652:main Current learning rate: 0.001
2026-01-28 13:24:29,314 INFO     pid:153008 __main__:612:main Epoch 14/100
2026-01-28 13:24:29,314 INFO     pid:153008 __main__:616:main GPU Memory Allocated: 0.37 GB
2026-01-28 13:24:29,314 INFO     pid:153008 __main__:617:main GPU Memory Reserved: 2.02 GB
2026-01-28 13:24:29,315 WARNING  pid:153008 util.util:091:enumerateWithEstimate E14 Training ----/103, starting
2026-01-28 13:24:59,528 INFO     pid:153008 util.util:111:enumerateWithEstimate E14 Training   32/103, done at 2026-01-28 13:25:52, 0:01:09
2026-01-28 13:25:23,887 INFO     pid:153008 util.util:111:enumerateWithEstimate E14 Training   64/103, done at 2026-01-28 13:25:52, 0:01:09
2026-01-28 13:25:52,334 WARNING  pid:153008 util.util:126:enumerateWithEstimate E14 Training ----/103, done at 2026-01-28 13:25:52
2026-01-28 13:25:52,335 WARNING  pid:153008 util.util:091:enumerateWithEstimate E14 Validation ----/26, starting
2026-01-28 13:26:09,952 WARNING  pid:153008 util.util:126:enumerateWithEstimate E14 Validation ----/26, done at 2026-01-28 13:26:09
2026-01-28 13:26:10,738 INFO     pid:153008 __main__:652:main Current learning rate: 0.001
2026-01-28 13:26:10,752 INFO     pid:153008 __main__:612:main Epoch 15/100
2026-01-28 13:26:10,753 INFO     pid:153008 __main__:616:main GPU Memory Allocated: 0.37 GB
2026-01-28 13:26:10,753 INFO     pid:153008 __main__:617:main GPU Memory Reserved: 2.02 GB
2026-01-28 13:26:10,754 WARNING  pid:153008 util.util:091:enumerateWithEstimate E15 Training ----/103, starting
2026-01-28 13:26:45,236 INFO     pid:153008 util.util:111:enumerateWithEstimate E15 Training   32/103, done at 2026-01-28 13:27:39, 0:01:10
2026-01-28 13:27:09,461 INFO     pid:153008 util.util:111:enumerateWithEstimate E15 Training   64/103, done at 2026-01-28 13:27:38, 0:01:09
2026-01-28 13:27:37,864 WARNING  pid:153008 util.util:126:enumerateWithEstimate E15 Training ----/103, done at 2026-01-28 13:27:37
2026-01-28 13:27:37,865 WARNING  pid:153008 util.util:091:enumerateWithEstimate E15 Validation ----/26, starting
2026-01-28 13:27:54,956 WARNING  pid:153008 util.util:126:enumerateWithEstimate E15 Validation ----/26, done at 2026-01-28 13:27:54
2026-01-28 13:27:55,054 INFO     pid:153008 __main__:652:main Current learning rate: 0.001
2026-01-28 13:27:55,068 INFO     pid:153008 __main__:612:main Epoch 16/100
2026-01-28 13:27:55,068 INFO     pid:153008 __main__:616:main GPU Memory Allocated: 0.37 GB
2026-01-28 13:27:55,069 INFO     pid:153008 __main__:617:main GPU Memory Reserved: 2.02 GB
2026-01-28 13:27:55,069 WARNING  pid:153008 util.util:091:enumerateWithEstimate E16 Training ----/103, starting
2026-01-28 13:28:27,758 INFO     pid:153008 util.util:111:enumerateWithEstimate E16 Training   32/103, done at 2026-01-28 13:29:22, 0:01:11
2026-01-28 13:28:52,429 INFO     pid:153008 util.util:111:enumerateWithEstimate E16 Training   64/103, done at 2026-01-28 13:29:21, 0:01:10
2026-01-28 13:29:21,191 WARNING  pid:153008 util.util:126:enumerateWithEstimate E16 Training ----/103, done at 2026-01-28 13:29:21
2026-01-28 13:29:21,192 WARNING  pid:153008 util.util:091:enumerateWithEstimate E16 Validation ----/26, starting
2026-01-28 13:29:37,346 WARNING  pid:153008 util.util:126:enumerateWithEstimate E16 Validation ----/26, done at 2026-01-28 13:29:37
2026-01-28 13:29:38,081 INFO     pid:153008 __main__:652:main Current learning rate: 0.001
2026-01-28 13:29:38,095 INFO     pid:153008 __main__:612:main Epoch 17/100
2026-01-28 13:29:38,096 INFO     pid:153008 __main__:616:main GPU Memory Allocated: 0.37 GB
2026-01-28 13:29:38,096 INFO     pid:153008 __main__:617:main GPU Memory Reserved: 2.02 GB
2026-01-28 13:29:38,097 WARNING  pid:153008 util.util:091:enumerateWithEstimate E17 Training ----/103, starting
2026-01-28 13:30:11,673 INFO     pid:153008 util.util:111:enumerateWithEstimate E17 Training   32/103, done at 2026-01-28 13:31:05, 0:01:10
2026-01-28 13:30:36,151 INFO     pid:153008 util.util:111:enumerateWithEstimate E17 Training   64/103, done at 2026-01-28 13:31:05, 0:01:09
2026-01-28 13:31:04,783 WARNING  pid:153008 util.util:126:enumerateWithEstimate E17 Training ----/103, done at 2026-01-28 13:31:04
2026-01-28 13:31:04,784 WARNING  pid:153008 util.util:091:enumerateWithEstimate E17 Validation ----/26, starting
2026-01-28 13:31:21,192 WARNING  pid:153008 util.util:126:enumerateWithEstimate E17 Validation ----/26, done at 2026-01-28 13:31:21
2026-01-28 13:31:21,988 INFO     pid:153008 __main__:652:main Current learning rate: 0.001
2026-01-28 13:31:22,001 INFO     pid:153008 __main__:612:main Epoch 18/100
2026-01-28 13:31:22,002 INFO     pid:153008 __main__:616:main GPU Memory Allocated: 0.37 GB
2026-01-28 13:31:22,002 INFO     pid:153008 __main__:617:main GPU Memory Reserved: 2.02 GB
2026-01-28 13:31:22,003 WARNING  pid:153008 util.util:091:enumerateWithEstimate E18 Training ----/103, starting
2026-01-28 13:31:53,408 INFO     pid:153008 util.util:111:enumerateWithEstimate E18 Training   32/103, done at 2026-01-28 13:32:48, 0:01:11
2026-01-28 13:32:18,321 INFO     pid:153008 util.util:111:enumerateWithEstimate E18 Training   64/103, done at 2026-01-28 13:32:47, 0:01:10
2026-01-28 13:32:46,963 WARNING  pid:153008 util.util:126:enumerateWithEstimate E18 Training ----/103, done at 2026-01-28 13:32:46
2026-01-28 13:32:46,964 WARNING  pid:153008 util.util:091:enumerateWithEstimate E18 Validation ----/26, starting
2026-01-28 13:33:03,683 WARNING  pid:153008 util.util:126:enumerateWithEstimate E18 Validation ----/26, done at 2026-01-28 13:33:03
2026-01-28 13:33:04,105 INFO     pid:153008 __main__:652:main Current learning rate: 0.001
2026-01-28 13:33:04,119 INFO     pid:153008 __main__:612:main Epoch 19/100
2026-01-28 13:33:04,120 INFO     pid:153008 __main__:616:main GPU Memory Allocated: 0.37 GB
2026-01-28 13:33:04,120 INFO     pid:153008 __main__:617:main GPU Memory Reserved: 2.02 GB
2026-01-28 13:33:04,121 WARNING  pid:153008 util.util:091:enumerateWithEstimate E19 Training ----/103, starting
2026-01-28 13:33:34,718 INFO     pid:153008 util.util:111:enumerateWithEstimate E19 Training   32/103, done at 2026-01-28 13:34:28, 0:01:09
2026-01-28 13:33:59,117 INFO     pid:153008 util.util:111:enumerateWithEstimate E19 Training   64/103, done at 2026-01-28 13:34:28, 0:01:09
2026-01-28 13:34:27,582 WARNING  pid:153008 util.util:126:enumerateWithEstimate E19 Training ----/103, done at 2026-01-28 13:34:27
2026-01-28 13:34:27,583 WARNING  pid:153008 util.util:091:enumerateWithEstimate E19 Validation ----/26, starting
2026-01-28 13:34:45,129 WARNING  pid:153008 util.util:126:enumerateWithEstimate E19 Validation ----/26, done at 2026-01-28 13:34:45
2026-01-28 13:34:45,381 INFO     pid:153008 __main__:652:main Current learning rate: 0.001
2026-01-28 13:34:45,395 INFO     pid:153008 __main__:612:main Epoch 20/100
2026-01-28 13:34:45,395 INFO     pid:153008 __main__:616:main GPU Memory Allocated: 0.37 GB
2026-01-28 13:34:45,395 INFO     pid:153008 __main__:617:main GPU Memory Reserved: 2.02 GB
2026-01-28 13:34:45,396 WARNING  pid:153008 util.util:091:enumerateWithEstimate E20 Training ----/103, starting
2026-01-28 13:35:16,742 INFO     pid:153008 util.util:111:enumerateWithEstimate E20 Training   32/103, done at 2026-01-28 13:36:11, 0:01:10
2026-01-28 13:35:41,684 INFO     pid:153008 util.util:111:enumerateWithEstimate E20 Training   64/103, done at 2026-01-28 13:36:11, 0:01:10
2026-01-28 13:36:10,601 WARNING  pid:153008 util.util:126:enumerateWithEstimate E20 Training ----/103, done at 2026-01-28 13:36:10
2026-01-28 13:36:10,603 WARNING  pid:153008 util.util:091:enumerateWithEstimate E20 Validation ----/26, starting
2026-01-28 13:36:26,804 WARNING  pid:153008 util.util:126:enumerateWithEstimate E20 Validation ----/26, done at 2026-01-28 13:36:26
2026-01-28 13:36:27,370 INFO     pid:153008 __main__:652:main Current learning rate: 0.001
2026-01-28 13:36:27,383 INFO     pid:153008 __main__:612:main Epoch 21/100
2026-01-28 13:36:27,384 INFO     pid:153008 __main__:616:main GPU Memory Allocated: 0.37 GB
2026-01-28 13:36:27,384 INFO     pid:153008 __main__:617:main GPU Memory Reserved: 2.02 GB
2026-01-28 13:36:27,385 WARNING  pid:153008 util.util:091:enumerateWithEstimate E21 Training ----/103, starting
2026-01-28 13:36:59,455 INFO     pid:153008 util.util:111:enumerateWithEstimate E21 Training   32/103, done at 2026-01-28 13:37:52, 0:01:09
2026-01-28 13:37:23,998 INFO     pid:153008 util.util:111:enumerateWithEstimate E21 Training   64/103, done at 2026-01-28 13:37:53, 0:01:09
2026-01-28 13:37:52,409 WARNING  pid:153008 util.util:126:enumerateWithEstimate E21 Training ----/103, done at 2026-01-28 13:37:52
2026-01-28 13:37:52,410 WARNING  pid:153008 util.util:091:enumerateWithEstimate E21 Validation ----/26, starting
2026-01-28 13:38:09,855 WARNING  pid:153008 util.util:126:enumerateWithEstimate E21 Validation ----/26, done at 2026-01-28 13:38:09
2026-01-28 13:38:10,608 INFO     pid:153008 __main__:652:main Current learning rate: 0.001
2026-01-28 13:38:10,627 INFO     pid:153008 __main__:612:main Epoch 22/100
2026-01-28 13:38:10,627 INFO     pid:153008 __main__:616:main GPU Memory Allocated: 0.37 GB
2026-01-28 13:38:10,628 INFO     pid:153008 __main__:617:main GPU Memory Reserved: 2.02 GB
2026-01-28 13:38:10,629 WARNING  pid:153008 util.util:091:enumerateWithEstimate E22 Training ----/103, starting
2026-01-28 13:38:42,698 INFO     pid:153008 util.util:111:enumerateWithEstimate E22 Training   32/103, done at 2026-01-28 13:39:37, 0:01:10
2026-01-28 13:39:06,887 INFO     pid:153008 util.util:111:enumerateWithEstimate E22 Training   64/103, done at 2026-01-28 13:39:35, 0:01:09
2026-01-28 13:39:35,280 WARNING  pid:153008 util.util:126:enumerateWithEstimate E22 Training ----/103, done at 2026-01-28 13:39:35
2026-01-28 13:39:35,281 WARNING  pid:153008 util.util:091:enumerateWithEstimate E22 Validation ----/26, starting
2026-01-28 13:39:52,711 WARNING  pid:153008 util.util:126:enumerateWithEstimate E22 Validation ----/26, done at 2026-01-28 13:39:52
2026-01-28 13:39:53,308 INFO     pid:153008 __main__:652:main Current learning rate: 0.0001
2026-01-28 13:39:53,321 INFO     pid:153008 __main__:612:main Epoch 23/100
2026-01-28 13:39:53,322 INFO     pid:153008 __main__:616:main GPU Memory Allocated: 0.37 GB
2026-01-28 13:39:53,322 INFO     pid:153008 __main__:617:main GPU Memory Reserved: 2.02 GB
2026-01-28 13:39:53,322 WARNING  pid:153008 util.util:091:enumerateWithEstimate E23 Training ----/103, starting
2026-01-28 13:40:26,294 INFO     pid:153008 util.util:111:enumerateWithEstimate E23 Training   32/103, done at 2026-01-28 13:41:19, 0:01:09
2026-01-28 13:40:50,601 INFO     pid:153008 util.util:111:enumerateWithEstimate E23 Training   64/103, done at 2026-01-28 13:41:19, 0:01:09
2026-01-28 13:41:19,357 WARNING  pid:153008 util.util:126:enumerateWithEstimate E23 Training ----/103, done at 2026-01-28 13:41:19
2026-01-28 13:41:19,358 WARNING  pid:153008 util.util:091:enumerateWithEstimate E23 Validation ----/26, starting
2026-01-28 13:41:35,852 WARNING  pid:153008 util.util:126:enumerateWithEstimate E23 Validation ----/26, done at 2026-01-28 13:41:35
2026-01-28 13:41:36,642 INFO     pid:153008 __main__:646:main New best validation loss: 0.8518122434616089
2026-01-28 13:41:36,856 INFO     pid:153008 __main__:208:save_model Model saved successfully to /scratch.global/lundq163/auto_qc/auto_qc_model_02r7/model_02r7_fold_0.pt
2026-01-28 13:41:36,856 INFO     pid:153008 __main__:652:main Current learning rate: 0.0001
2026-01-28 13:41:36,870 INFO     pid:153008 __main__:612:main Epoch 24/100
2026-01-28 13:41:36,870 INFO     pid:153008 __main__:616:main GPU Memory Allocated: 0.37 GB
2026-01-28 13:41:36,871 INFO     pid:153008 __main__:617:main GPU Memory Reserved: 2.02 GB
2026-01-28 13:41:36,871 WARNING  pid:153008 util.util:091:enumerateWithEstimate E24 Training ----/103, starting
2026-01-28 13:42:09,085 INFO     pid:153008 util.util:111:enumerateWithEstimate E24 Training   32/103, done at 2026-01-28 13:43:02, 0:01:09
2026-01-28 13:42:33,742 INFO     pid:153008 util.util:111:enumerateWithEstimate E24 Training   64/103, done at 2026-01-28 13:43:02, 0:01:09
2026-01-28 13:43:02,689 WARNING  pid:153008 util.util:126:enumerateWithEstimate E24 Training ----/103, done at 2026-01-28 13:43:02
2026-01-28 13:43:02,691 WARNING  pid:153008 util.util:091:enumerateWithEstimate E24 Validation ----/26, starting
2026-01-28 13:43:19,389 WARNING  pid:153008 util.util:126:enumerateWithEstimate E24 Validation ----/26, done at 2026-01-28 13:43:19
2026-01-28 13:43:20,168 INFO     pid:153008 __main__:646:main New best validation loss: 0.674969494342804
2026-01-28 13:43:20,340 INFO     pid:153008 __main__:208:save_model Model saved successfully to /scratch.global/lundq163/auto_qc/auto_qc_model_02r7/model_02r7_fold_0.pt
2026-01-28 13:43:20,340 INFO     pid:153008 __main__:652:main Current learning rate: 0.0001
2026-01-28 13:43:20,354 INFO     pid:153008 __main__:612:main Epoch 25/100
2026-01-28 13:43:20,354 INFO     pid:153008 __main__:616:main GPU Memory Allocated: 0.37 GB
2026-01-28 13:43:20,355 INFO     pid:153008 __main__:617:main GPU Memory Reserved: 2.02 GB
2026-01-28 13:43:20,355 WARNING  pid:153008 util.util:091:enumerateWithEstimate E25 Training ----/103, starting
2026-01-28 13:43:52,272 INFO     pid:153008 util.util:111:enumerateWithEstimate E25 Training   32/103, done at 2026-01-28 13:44:46, 0:01:10
2026-01-28 13:44:16,779 INFO     pid:153008 util.util:111:enumerateWithEstimate E25 Training   64/103, done at 2026-01-28 13:44:46, 0:01:10
2026-01-28 13:44:45,357 WARNING  pid:153008 util.util:126:enumerateWithEstimate E25 Training ----/103, done at 2026-01-28 13:44:45
2026-01-28 13:44:45,359 WARNING  pid:153008 util.util:091:enumerateWithEstimate E25 Validation ----/26, starting
2026-01-28 13:45:00,868 WARNING  pid:153008 util.util:126:enumerateWithEstimate E25 Validation ----/26, done at 2026-01-28 13:45:00
2026-01-28 13:45:01,290 INFO     pid:153008 __main__:646:main New best validation loss: 0.5239676833152771
2026-01-28 13:45:01,455 INFO     pid:153008 __main__:208:save_model Model saved successfully to /scratch.global/lundq163/auto_qc/auto_qc_model_02r7/model_02r7_fold_0.pt
2026-01-28 13:45:01,455 INFO     pid:153008 __main__:652:main Current learning rate: 0.0001
2026-01-28 13:45:01,466 INFO     pid:153008 __main__:612:main Epoch 26/100
2026-01-28 13:45:01,467 INFO     pid:153008 __main__:616:main GPU Memory Allocated: 0.37 GB
2026-01-28 13:45:01,467 INFO     pid:153008 __main__:617:main GPU Memory Reserved: 2.02 GB
2026-01-28 13:45:01,468 WARNING  pid:153008 util.util:091:enumerateWithEstimate E26 Training ----/103, starting
2026-01-28 13:45:35,100 INFO     pid:153008 util.util:111:enumerateWithEstimate E26 Training   32/103, done at 2026-01-28 13:46:28, 0:01:09
2026-01-28 13:45:59,575 INFO     pid:153008 util.util:111:enumerateWithEstimate E26 Training   64/103, done at 2026-01-28 13:46:28, 0:01:09
2026-01-28 13:46:28,274 WARNING  pid:153008 util.util:126:enumerateWithEstimate E26 Training ----/103, done at 2026-01-28 13:46:28
2026-01-28 13:46:28,275 WARNING  pid:153008 util.util:091:enumerateWithEstimate E26 Validation ----/26, starting
2026-01-28 13:46:44,969 WARNING  pid:153008 util.util:126:enumerateWithEstimate E26 Validation ----/26, done at 2026-01-28 13:46:44
2026-01-28 13:46:45,642 INFO     pid:153008 __main__:646:main New best validation loss: 0.40068319439888
2026-01-28 13:46:45,819 INFO     pid:153008 __main__:208:save_model Model saved successfully to /scratch.global/lundq163/auto_qc/auto_qc_model_02r7/model_02r7_fold_0.pt
2026-01-28 13:46:45,820 INFO     pid:153008 __main__:652:main Current learning rate: 0.0001
2026-01-28 13:46:45,834 INFO     pid:153008 __main__:612:main Epoch 27/100
2026-01-28 13:46:45,834 INFO     pid:153008 __main__:616:main GPU Memory Allocated: 0.37 GB
2026-01-28 13:46:45,834 INFO     pid:153008 __main__:617:main GPU Memory Reserved: 2.02 GB
2026-01-28 13:46:45,835 WARNING  pid:153008 util.util:091:enumerateWithEstimate E27 Training ----/103, starting
2026-01-28 13:47:17,284 INFO     pid:153008 util.util:111:enumerateWithEstimate E27 Training   32/103, done at 2026-01-28 13:48:11, 0:01:10
2026-01-28 13:47:42,184 INFO     pid:153008 util.util:111:enumerateWithEstimate E27 Training   64/103, done at 2026-01-28 13:48:11, 0:01:10
2026-01-28 13:48:10,815 WARNING  pid:153008 util.util:126:enumerateWithEstimate E27 Training ----/103, done at 2026-01-28 13:48:10
2026-01-28 13:48:10,816 WARNING  pid:153008 util.util:091:enumerateWithEstimate E27 Validation ----/26, starting
2026-01-28 13:48:28,043 WARNING  pid:153008 util.util:126:enumerateWithEstimate E27 Validation ----/26, done at 2026-01-28 13:48:28
2026-01-28 13:48:28,783 INFO     pid:153008 __main__:646:main New best validation loss: 0.3584860563278198
2026-01-28 13:48:28,978 INFO     pid:153008 __main__:208:save_model Model saved successfully to /scratch.global/lundq163/auto_qc/auto_qc_model_02r7/model_02r7_fold_0.pt
2026-01-28 13:48:28,978 INFO     pid:153008 __main__:652:main Current learning rate: 0.0001
2026-01-28 13:48:28,991 INFO     pid:153008 __main__:612:main Epoch 28/100
2026-01-28 13:48:28,991 INFO     pid:153008 __main__:616:main GPU Memory Allocated: 0.37 GB
2026-01-28 13:48:28,992 INFO     pid:153008 __main__:617:main GPU Memory Reserved: 2.02 GB
2026-01-28 13:48:28,992 WARNING  pid:153008 util.util:091:enumerateWithEstimate E28 Training ----/103, starting
2026-01-28 13:49:00,673 INFO     pid:153008 util.util:111:enumerateWithEstimate E28 Training   32/103, done at 2026-01-28 13:49:54, 0:01:10
2026-01-28 13:49:25,160 INFO     pid:153008 util.util:111:enumerateWithEstimate E28 Training   64/103, done at 2026-01-28 13:49:54, 0:01:09
2026-01-28 13:49:53,806 WARNING  pid:153008 util.util:126:enumerateWithEstimate E28 Training ----/103, done at 2026-01-28 13:49:53
2026-01-28 13:49:53,808 WARNING  pid:153008 util.util:091:enumerateWithEstimate E28 Validation ----/26, starting
2026-01-28 13:50:10,592 WARNING  pid:153008 util.util:126:enumerateWithEstimate E28 Validation ----/26, done at 2026-01-28 13:50:10
2026-01-28 13:50:11,250 INFO     pid:153008 __main__:652:main Current learning rate: 0.0001
2026-01-28 13:50:11,264 INFO     pid:153008 __main__:612:main Epoch 29/100
2026-01-28 13:50:11,264 INFO     pid:153008 __main__:616:main GPU Memory Allocated: 0.37 GB
2026-01-28 13:50:11,264 INFO     pid:153008 __main__:617:main GPU Memory Reserved: 2.02 GB
2026-01-28 13:50:11,265 WARNING  pid:153008 util.util:091:enumerateWithEstimate E29 Training ----/103, starting
2026-01-28 13:50:43,476 INFO     pid:153008 util.util:111:enumerateWithEstimate E29 Training   32/103, done at 2026-01-28 13:51:37, 0:01:10
2026-01-28 13:51:08,185 INFO     pid:153008 util.util:111:enumerateWithEstimate E29 Training   64/103, done at 2026-01-28 13:51:37, 0:01:10
2026-01-28 13:51:36,746 WARNING  pid:153008 util.util:126:enumerateWithEstimate E29 Training ----/103, done at 2026-01-28 13:51:36
2026-01-28 13:51:36,747 WARNING  pid:153008 util.util:091:enumerateWithEstimate E29 Validation ----/26, starting
2026-01-28 13:51:53,559 WARNING  pid:153008 util.util:126:enumerateWithEstimate E29 Validation ----/26, done at 2026-01-28 13:51:53
2026-01-28 13:51:53,678 INFO     pid:153008 __main__:652:main Current learning rate: 0.0001
2026-01-28 13:51:53,691 INFO     pid:153008 __main__:612:main Epoch 30/100
2026-01-28 13:51:53,692 INFO     pid:153008 __main__:616:main GPU Memory Allocated: 0.37 GB
2026-01-28 13:51:53,692 INFO     pid:153008 __main__:617:main GPU Memory Reserved: 2.02 GB
2026-01-28 13:51:53,693 WARNING  pid:153008 util.util:091:enumerateWithEstimate E30 Training ----/103, starting
2026-01-28 13:52:25,402 INFO     pid:153008 util.util:111:enumerateWithEstimate E30 Training   32/103, done at 2026-01-28 13:53:18, 0:01:09
2026-01-28 13:52:49,786 INFO     pid:153008 util.util:111:enumerateWithEstimate E30 Training   64/103, done at 2026-01-28 13:53:18, 0:01:09
2026-01-28 13:53:18,279 WARNING  pid:153008 util.util:126:enumerateWithEstimate E30 Training ----/103, done at 2026-01-28 13:53:18
2026-01-28 13:53:18,280 WARNING  pid:153008 util.util:091:enumerateWithEstimate E30 Validation ----/26, starting
2026-01-28 13:53:34,827 WARNING  pid:153008 util.util:126:enumerateWithEstimate E30 Validation ----/26, done at 2026-01-28 13:53:34
2026-01-28 13:53:35,306 INFO     pid:153008 __main__:652:main Current learning rate: 0.0001
2026-01-28 13:53:35,320 INFO     pid:153008 __main__:612:main Epoch 31/100
2026-01-28 13:53:35,320 INFO     pid:153008 __main__:616:main GPU Memory Allocated: 0.37 GB
2026-01-28 13:53:35,320 INFO     pid:153008 __main__:617:main GPU Memory Reserved: 2.02 GB
2026-01-28 13:53:35,321 WARNING  pid:153008 util.util:091:enumerateWithEstimate E31 Training ----/103, starting
2026-01-28 13:54:07,296 INFO     pid:153008 util.util:111:enumerateWithEstimate E31 Training   32/103, done at 2026-01-28 13:55:02, 0:01:11
2026-01-28 13:54:32,307 INFO     pid:153008 util.util:111:enumerateWithEstimate E31 Training   64/103, done at 2026-01-28 13:55:02, 0:01:11
2026-01-28 13:55:01,280 WARNING  pid:153008 util.util:126:enumerateWithEstimate E31 Training ----/103, done at 2026-01-28 13:55:01
2026-01-28 13:55:01,280 WARNING  pid:153008 util.util:091:enumerateWithEstimate E31 Validation ----/26, starting
2026-01-28 13:55:18,611 WARNING  pid:153008 util.util:126:enumerateWithEstimate E31 Validation ----/26, done at 2026-01-28 13:55:18
2026-01-28 13:55:18,965 INFO     pid:153008 __main__:652:main Current learning rate: 0.0001
2026-01-28 13:55:18,978 INFO     pid:153008 __main__:612:main Epoch 32/100
2026-01-28 13:55:18,979 INFO     pid:153008 __main__:616:main GPU Memory Allocated: 0.37 GB
2026-01-28 13:55:18,979 INFO     pid:153008 __main__:617:main GPU Memory Reserved: 2.02 GB
2026-01-28 13:55:18,980 WARNING  pid:153008 util.util:091:enumerateWithEstimate E32 Training ----/103, starting
2026-01-28 13:55:49,661 INFO     pid:153008 util.util:111:enumerateWithEstimate E32 Training   32/103, done at 2026-01-28 13:56:43, 0:01:09
2026-01-28 13:56:14,210 INFO     pid:153008 util.util:111:enumerateWithEstimate E32 Training   64/103, done at 2026-01-28 13:56:43, 0:01:09
2026-01-28 13:56:42,837 WARNING  pid:153008 util.util:126:enumerateWithEstimate E32 Training ----/103, done at 2026-01-28 13:56:42
2026-01-28 13:56:42,838 WARNING  pid:153008 util.util:091:enumerateWithEstimate E32 Validation ----/26, starting
2026-01-28 13:56:59,465 WARNING  pid:153008 util.util:126:enumerateWithEstimate E32 Validation ----/26, done at 2026-01-28 13:56:59
2026-01-28 13:57:00,271 INFO     pid:153008 __main__:646:main New best validation loss: 0.3273879289627075
2026-01-28 13:57:00,449 INFO     pid:153008 __main__:208:save_model Model saved successfully to /scratch.global/lundq163/auto_qc/auto_qc_model_02r7/model_02r7_fold_0.pt
2026-01-28 13:57:00,449 INFO     pid:153008 __main__:652:main Current learning rate: 0.0001
2026-01-28 13:57:00,463 INFO     pid:153008 __main__:612:main Epoch 33/100
2026-01-28 13:57:00,463 INFO     pid:153008 __main__:616:main GPU Memory Allocated: 0.37 GB
2026-01-28 13:57:00,463 INFO     pid:153008 __main__:617:main GPU Memory Reserved: 2.02 GB
2026-01-28 13:57:00,464 WARNING  pid:153008 util.util:091:enumerateWithEstimate E33 Training ----/103, starting
2026-01-28 13:57:32,523 INFO     pid:153008 util.util:111:enumerateWithEstimate E33 Training   32/103, done at 2026-01-28 13:58:26, 0:01:09
2026-01-28 13:57:57,039 INFO     pid:153008 util.util:111:enumerateWithEstimate E33 Training   64/103, done at 2026-01-28 13:58:26, 0:01:09
2026-01-28 13:58:25,677 WARNING  pid:153008 util.util:126:enumerateWithEstimate E33 Training ----/103, done at 2026-01-28 13:58:25
2026-01-28 13:58:25,679 WARNING  pid:153008 util.util:091:enumerateWithEstimate E33 Validation ----/26, starting
2026-01-28 13:58:42,507 WARNING  pid:153008 util.util:126:enumerateWithEstimate E33 Validation ----/26, done at 2026-01-28 13:58:42
2026-01-28 13:58:42,795 INFO     pid:153008 __main__:652:main Current learning rate: 0.0001
2026-01-28 13:58:42,808 INFO     pid:153008 __main__:612:main Epoch 34/100
2026-01-28 13:58:42,809 INFO     pid:153008 __main__:616:main GPU Memory Allocated: 0.37 GB
2026-01-28 13:58:42,809 INFO     pid:153008 __main__:617:main GPU Memory Reserved: 2.02 GB
2026-01-28 13:58:42,810 WARNING  pid:153008 util.util:091:enumerateWithEstimate E34 Training ----/103, starting
2026-01-28 13:59:14,271 INFO     pid:153008 util.util:111:enumerateWithEstimate E34 Training   32/103, done at 2026-01-28 14:00:08, 0:01:09
2026-01-28 13:59:38,926 INFO     pid:153008 util.util:111:enumerateWithEstimate E34 Training   64/103, done at 2026-01-28 14:00:08, 0:01:10
2026-01-28 14:00:07,486 WARNING  pid:153008 util.util:126:enumerateWithEstimate E34 Training ----/103, done at 2026-01-28 14:00:07
2026-01-28 14:00:07,487 WARNING  pid:153008 util.util:091:enumerateWithEstimate E34 Validation ----/26, starting
2026-01-28 14:00:23,714 WARNING  pid:153008 util.util:126:enumerateWithEstimate E34 Validation ----/26, done at 2026-01-28 14:00:23
2026-01-28 14:00:23,985 INFO     pid:153008 __main__:652:main Current learning rate: 0.0001
2026-01-28 14:00:23,998 INFO     pid:153008 __main__:612:main Epoch 35/100
2026-01-28 14:00:23,999 INFO     pid:153008 __main__:616:main GPU Memory Allocated: 0.37 GB
2026-01-28 14:00:23,999 INFO     pid:153008 __main__:617:main GPU Memory Reserved: 2.02 GB
2026-01-28 14:00:24,000 WARNING  pid:153008 util.util:091:enumerateWithEstimate E35 Training ----/103, starting
2026-01-28 14:00:55,156 INFO     pid:153008 util.util:111:enumerateWithEstimate E35 Training   32/103, done at 2026-01-28 14:01:48, 0:01:09
2026-01-28 14:01:19,612 INFO     pid:153008 util.util:111:enumerateWithEstimate E35 Training   64/103, done at 2026-01-28 14:01:48, 0:01:09
2026-01-28 14:01:48,277 WARNING  pid:153008 util.util:126:enumerateWithEstimate E35 Training ----/103, done at 2026-01-28 14:01:48
2026-01-28 14:01:48,278 WARNING  pid:153008 util.util:091:enumerateWithEstimate E35 Validation ----/26, starting
2026-01-28 14:02:05,148 WARNING  pid:153008 util.util:126:enumerateWithEstimate E35 Validation ----/26, done at 2026-01-28 14:02:05
2026-01-28 14:02:05,682 INFO     pid:153008 __main__:652:main Current learning rate: 0.0001
2026-01-28 14:02:05,696 INFO     pid:153008 __main__:612:main Epoch 36/100
2026-01-28 14:02:05,696 INFO     pid:153008 __main__:616:main GPU Memory Allocated: 0.37 GB
2026-01-28 14:02:05,696 INFO     pid:153008 __main__:617:main GPU Memory Reserved: 2.02 GB
2026-01-28 14:02:05,697 WARNING  pid:153008 util.util:091:enumerateWithEstimate E36 Training ----/103, starting
2026-01-28 14:02:39,187 INFO     pid:153008 util.util:111:enumerateWithEstimate E36 Training   32/103, done at 2026-01-28 14:03:33, 0:01:10
2026-01-28 14:03:04,191 INFO     pid:153008 util.util:111:enumerateWithEstimate E36 Training   64/103, done at 2026-01-28 14:03:33, 0:01:10
2026-01-28 14:03:32,981 WARNING  pid:153008 util.util:126:enumerateWithEstimate E36 Training ----/103, done at 2026-01-28 14:03:32
2026-01-28 14:03:32,982 WARNING  pid:153008 util.util:091:enumerateWithEstimate E36 Validation ----/26, starting
2026-01-28 14:03:50,410 WARNING  pid:153008 util.util:126:enumerateWithEstimate E36 Validation ----/26, done at 2026-01-28 14:03:50
2026-01-28 14:03:51,209 INFO     pid:153008 __main__:652:main Current learning rate: 0.0001
2026-01-28 14:03:51,223 INFO     pid:153008 __main__:612:main Epoch 37/100
2026-01-28 14:03:51,224 INFO     pid:153008 __main__:616:main GPU Memory Allocated: 0.37 GB
2026-01-28 14:03:51,224 INFO     pid:153008 __main__:617:main GPU Memory Reserved: 2.02 GB
2026-01-28 14:03:51,225 WARNING  pid:153008 util.util:091:enumerateWithEstimate E37 Training ----/103, starting
2026-01-28 14:04:24,300 INFO     pid:153008 util.util:111:enumerateWithEstimate E37 Training   32/103, done at 2026-01-28 14:05:18, 0:01:10
2026-01-28 14:04:48,882 INFO     pid:153008 util.util:111:enumerateWithEstimate E37 Training   64/103, done at 2026-01-28 14:05:18, 0:01:09
2026-01-28 14:05:17,524 WARNING  pid:153008 util.util:126:enumerateWithEstimate E37 Training ----/103, done at 2026-01-28 14:05:17
2026-01-28 14:05:17,525 WARNING  pid:153008 util.util:091:enumerateWithEstimate E37 Validation ----/26, starting
2026-01-28 14:05:34,811 WARNING  pid:153008 util.util:126:enumerateWithEstimate E37 Validation ----/26, done at 2026-01-28 14:05:34
2026-01-28 14:05:34,813 INFO     pid:153008 __main__:652:main Current learning rate: 0.0001
2026-01-28 14:05:34,826 INFO     pid:153008 __main__:612:main Epoch 38/100
2026-01-28 14:05:34,827 INFO     pid:153008 __main__:616:main GPU Memory Allocated: 0.37 GB
2026-01-28 14:05:34,827 INFO     pid:153008 __main__:617:main GPU Memory Reserved: 2.02 GB
2026-01-28 14:05:34,828 WARNING  pid:153008 util.util:091:enumerateWithEstimate E38 Training ----/103, starting
2026-01-28 14:06:08,028 INFO     pid:153008 util.util:111:enumerateWithEstimate E38 Training   32/103, done at 2026-01-28 14:07:02, 0:01:10
2026-01-28 14:06:32,392 INFO     pid:153008 util.util:111:enumerateWithEstimate E38 Training   64/103, done at 2026-01-28 14:07:01, 0:01:09
2026-01-28 14:07:00,887 WARNING  pid:153008 util.util:126:enumerateWithEstimate E38 Training ----/103, done at 2026-01-28 14:07:00
2026-01-28 14:07:00,888 WARNING  pid:153008 util.util:091:enumerateWithEstimate E38 Validation ----/26, starting
2026-01-28 14:07:17,972 WARNING  pid:153008 util.util:126:enumerateWithEstimate E38 Validation ----/26, done at 2026-01-28 14:07:17
2026-01-28 14:07:18,146 INFO     pid:153008 __main__:652:main Current learning rate: 0.0001
2026-01-28 14:07:18,159 INFO     pid:153008 __main__:612:main Epoch 39/100
2026-01-28 14:07:18,159 INFO     pid:153008 __main__:616:main GPU Memory Allocated: 0.37 GB
2026-01-28 14:07:18,159 INFO     pid:153008 __main__:617:main GPU Memory Reserved: 2.02 GB
2026-01-28 14:07:18,160 WARNING  pid:153008 util.util:091:enumerateWithEstimate E39 Training ----/103, starting
2026-01-28 14:07:50,959 INFO     pid:153008 util.util:111:enumerateWithEstimate E39 Training   32/103, done at 2026-01-28 14:08:44, 0:01:09
2026-01-28 14:08:15,447 INFO     pid:153008 util.util:111:enumerateWithEstimate E39 Training   64/103, done at 2026-01-28 14:08:44, 0:01:09
2026-01-28 14:08:44,222 WARNING  pid:153008 util.util:126:enumerateWithEstimate E39 Training ----/103, done at 2026-01-28 14:08:44
2026-01-28 14:08:44,223 WARNING  pid:153008 util.util:091:enumerateWithEstimate E39 Validation ----/26, starting
2026-01-28 14:09:01,316 WARNING  pid:153008 util.util:126:enumerateWithEstimate E39 Validation ----/26, done at 2026-01-28 14:09:01
2026-01-28 14:09:01,632 INFO     pid:153008 __main__:652:main Current learning rate: 0.0001
2026-01-28 14:09:01,646 INFO     pid:153008 __main__:612:main Epoch 40/100
2026-01-28 14:09:01,647 INFO     pid:153008 __main__:616:main GPU Memory Allocated: 0.37 GB
2026-01-28 14:09:01,647 INFO     pid:153008 __main__:617:main GPU Memory Reserved: 2.02 GB
2026-01-28 14:09:01,648 WARNING  pid:153008 util.util:091:enumerateWithEstimate E40 Training ----/103, starting
2026-01-28 14:09:33,721 INFO     pid:153008 util.util:111:enumerateWithEstimate E40 Training   32/103, done at 2026-01-28 14:10:27, 0:01:09
2026-01-28 14:09:58,294 INFO     pid:153008 util.util:111:enumerateWithEstimate E40 Training   64/103, done at 2026-01-28 14:10:27, 0:01:09
2026-01-28 14:10:26,638 WARNING  pid:153008 util.util:126:enumerateWithEstimate E40 Training ----/103, done at 2026-01-28 14:10:26
2026-01-28 14:10:26,639 WARNING  pid:153008 util.util:091:enumerateWithEstimate E40 Validation ----/26, starting
2026-01-28 14:10:43,236 WARNING  pid:153008 util.util:126:enumerateWithEstimate E40 Validation ----/26, done at 2026-01-28 14:10:43
2026-01-28 14:10:43,912 INFO     pid:153008 __main__:652:main Current learning rate: 0.0001
2026-01-28 14:10:43,927 INFO     pid:153008 __main__:612:main Epoch 41/100
2026-01-28 14:10:43,928 INFO     pid:153008 __main__:616:main GPU Memory Allocated: 0.37 GB
2026-01-28 14:10:43,928 INFO     pid:153008 __main__:617:main GPU Memory Reserved: 2.02 GB
2026-01-28 14:10:43,929 WARNING  pid:153008 util.util:091:enumerateWithEstimate E41 Training ----/103, starting
2026-01-28 14:11:16,291 INFO     pid:153008 util.util:111:enumerateWithEstimate E41 Training   32/103, done at 2026-01-28 14:12:10, 0:01:10
2026-01-28 14:11:40,479 INFO     pid:153008 util.util:111:enumerateWithEstimate E41 Training   64/103, done at 2026-01-28 14:12:09, 0:01:09
2026-01-28 14:12:08,859 WARNING  pid:153008 util.util:126:enumerateWithEstimate E41 Training ----/103, done at 2026-01-28 14:12:08
2026-01-28 14:12:08,860 WARNING  pid:153008 util.util:091:enumerateWithEstimate E41 Validation ----/26, starting
2026-01-28 14:12:25,789 WARNING  pid:153008 util.util:126:enumerateWithEstimate E41 Validation ----/26, done at 2026-01-28 14:12:25
2026-01-28 14:12:26,461 INFO     pid:153008 __main__:652:main Current learning rate: 0.0001
2026-01-28 14:12:26,474 INFO     pid:153008 __main__:612:main Epoch 42/100
2026-01-28 14:12:26,475 INFO     pid:153008 __main__:616:main GPU Memory Allocated: 0.37 GB
2026-01-28 14:12:26,475 INFO     pid:153008 __main__:617:main GPU Memory Reserved: 2.02 GB
2026-01-28 14:12:26,475 WARNING  pid:153008 util.util:091:enumerateWithEstimate E42 Training ----/103, starting
2026-01-28 14:12:59,741 INFO     pid:153008 util.util:111:enumerateWithEstimate E42 Training   32/103, done at 2026-01-28 14:13:54, 0:01:10
2026-01-28 14:13:24,363 INFO     pid:153008 util.util:111:enumerateWithEstimate E42 Training   64/103, done at 2026-01-28 14:13:53, 0:01:10
2026-01-28 14:13:52,915 WARNING  pid:153008 util.util:126:enumerateWithEstimate E42 Training ----/103, done at 2026-01-28 14:13:52
2026-01-28 14:13:52,916 WARNING  pid:153008 util.util:091:enumerateWithEstimate E42 Validation ----/26, starting
2026-01-28 14:14:09,643 WARNING  pid:153008 util.util:126:enumerateWithEstimate E42 Validation ----/26, done at 2026-01-28 14:14:09
2026-01-28 14:14:09,764 INFO     pid:153008 __main__:652:main Current learning rate: 0.0001
2026-01-28 14:14:09,778 INFO     pid:153008 __main__:612:main Epoch 43/100
2026-01-28 14:14:09,778 INFO     pid:153008 __main__:616:main GPU Memory Allocated: 0.37 GB
2026-01-28 14:14:09,778 INFO     pid:153008 __main__:617:main GPU Memory Reserved: 2.02 GB
2026-01-28 14:14:09,779 WARNING  pid:153008 util.util:091:enumerateWithEstimate E43 Training ----/103, starting
2026-01-28 14:14:43,131 INFO     pid:153008 util.util:111:enumerateWithEstimate E43 Training   32/103, done at 2026-01-28 14:15:37, 0:01:10
2026-01-28 14:15:08,123 INFO     pid:153008 util.util:111:enumerateWithEstimate E43 Training   64/103, done at 2026-01-28 14:15:37, 0:01:10
2026-01-28 14:15:36,679 WARNING  pid:153008 util.util:126:enumerateWithEstimate E43 Training ----/103, done at 2026-01-28 14:15:36
2026-01-28 14:15:36,680 WARNING  pid:153008 util.util:091:enumerateWithEstimate E43 Validation ----/26, starting
2026-01-28 14:15:53,818 WARNING  pid:153008 util.util:126:enumerateWithEstimate E43 Validation ----/26, done at 2026-01-28 14:15:53
2026-01-28 14:15:54,328 INFO     pid:153008 __main__:652:main Current learning rate: 1e-05
2026-01-28 14:15:54,342 INFO     pid:153008 __main__:612:main Epoch 44/100
2026-01-28 14:15:54,342 INFO     pid:153008 __main__:616:main GPU Memory Allocated: 0.37 GB
2026-01-28 14:15:54,343 INFO     pid:153008 __main__:617:main GPU Memory Reserved: 2.02 GB
2026-01-28 14:15:54,343 WARNING  pid:153008 util.util:091:enumerateWithEstimate E44 Training ----/103, starting
2026-01-28 14:16:27,140 INFO     pid:153008 util.util:111:enumerateWithEstimate E44 Training   32/103, done at 2026-01-28 14:17:21, 0:01:11
2026-01-28 14:16:51,841 INFO     pid:153008 util.util:111:enumerateWithEstimate E44 Training   64/103, done at 2026-01-28 14:17:21, 0:01:10
2026-01-28 14:17:21,000 WARNING  pid:153008 util.util:126:enumerateWithEstimate E44 Training ----/103, done at 2026-01-28 14:17:21
2026-01-28 14:17:21,002 WARNING  pid:153008 util.util:091:enumerateWithEstimate E44 Validation ----/26, starting
2026-01-28 14:17:38,166 WARNING  pid:153008 util.util:126:enumerateWithEstimate E44 Validation ----/26, done at 2026-01-28 14:17:38
2026-01-28 14:17:38,831 INFO     pid:153008 __main__:646:main New best validation loss: 0.32581549882888794
2026-01-28 14:17:38,994 INFO     pid:153008 __main__:208:save_model Model saved successfully to /scratch.global/lundq163/auto_qc/auto_qc_model_02r7/model_02r7_fold_0.pt
2026-01-28 14:17:38,994 INFO     pid:153008 __main__:652:main Current learning rate: 1e-05
2026-01-28 14:17:39,007 INFO     pid:153008 __main__:612:main Epoch 45/100
2026-01-28 14:17:39,008 INFO     pid:153008 __main__:616:main GPU Memory Allocated: 0.37 GB
2026-01-28 14:17:39,008 INFO     pid:153008 __main__:617:main GPU Memory Reserved: 2.02 GB
2026-01-28 14:17:39,009 WARNING  pid:153008 util.util:091:enumerateWithEstimate E45 Training ----/103, starting
2026-01-28 14:18:12,502 INFO     pid:153008 util.util:111:enumerateWithEstimate E45 Training   32/103, done at 2026-01-28 14:19:06, 0:01:09
2026-01-28 14:18:37,338 INFO     pid:153008 util.util:111:enumerateWithEstimate E45 Training   64/103, done at 2026-01-28 14:19:06, 0:01:10
2026-01-28 14:19:05,974 WARNING  pid:153008 util.util:126:enumerateWithEstimate E45 Training ----/103, done at 2026-01-28 14:19:05
2026-01-28 14:19:05,975 WARNING  pid:153008 util.util:091:enumerateWithEstimate E45 Validation ----/26, starting
2026-01-28 14:19:23,328 WARNING  pid:153008 util.util:126:enumerateWithEstimate E45 Validation ----/26, done at 2026-01-28 14:19:23
2026-01-28 14:19:23,902 INFO     pid:153008 __main__:646:main New best validation loss: 0.32402175664901733
2026-01-28 14:19:24,068 INFO     pid:153008 __main__:208:save_model Model saved successfully to /scratch.global/lundq163/auto_qc/auto_qc_model_02r7/model_02r7_fold_0.pt
2026-01-28 14:19:24,068 INFO     pid:153008 __main__:652:main Current learning rate: 1e-05
2026-01-28 14:19:24,082 INFO     pid:153008 __main__:612:main Epoch 46/100
2026-01-28 14:19:24,082 INFO     pid:153008 __main__:616:main GPU Memory Allocated: 0.37 GB
2026-01-28 14:19:24,082 INFO     pid:153008 __main__:617:main GPU Memory Reserved: 2.02 GB
2026-01-28 14:19:24,083 WARNING  pid:153008 util.util:091:enumerateWithEstimate E46 Training ----/103, starting
2026-01-28 14:19:54,006 INFO     pid:153008 util.util:111:enumerateWithEstimate E46 Training   32/103, done at 2026-01-28 14:20:48, 0:01:11
2026-01-28 14:20:18,715 INFO     pid:153008 util.util:111:enumerateWithEstimate E46 Training   64/103, done at 2026-01-28 14:20:48, 0:01:10
2026-01-28 14:20:47,188 WARNING  pid:153008 util.util:126:enumerateWithEstimate E46 Training ----/103, done at 2026-01-28 14:20:47
2026-01-28 14:20:47,189 WARNING  pid:153008 util.util:091:enumerateWithEstimate E46 Validation ----/26, starting
2026-01-28 14:21:04,500 WARNING  pid:153008 util.util:126:enumerateWithEstimate E46 Validation ----/26, done at 2026-01-28 14:21:04
2026-01-28 14:21:04,679 INFO     pid:153008 __main__:646:main New best validation loss: 0.3135142922401428
2026-01-28 14:21:04,845 INFO     pid:153008 __main__:208:save_model Model saved successfully to /scratch.global/lundq163/auto_qc/auto_qc_model_02r7/model_02r7_fold_0.pt
2026-01-28 14:21:04,845 INFO     pid:153008 __main__:652:main Current learning rate: 1e-05
2026-01-28 14:21:04,858 INFO     pid:153008 __main__:612:main Epoch 47/100
2026-01-28 14:21:04,859 INFO     pid:153008 __main__:616:main GPU Memory Allocated: 0.37 GB
2026-01-28 14:21:04,859 INFO     pid:153008 __main__:617:main GPU Memory Reserved: 2.02 GB
2026-01-28 14:21:04,860 WARNING  pid:153008 util.util:091:enumerateWithEstimate E47 Training ----/103, starting
2026-01-28 14:21:36,445 INFO     pid:153008 util.util:111:enumerateWithEstimate E47 Training   32/103, done at 2026-01-28 14:22:29, 0:01:09
2026-01-28 14:22:01,045 INFO     pid:153008 util.util:111:enumerateWithEstimate E47 Training   64/103, done at 2026-01-28 14:22:30, 0:01:09
2026-01-28 14:22:29,694 WARNING  pid:153008 util.util:126:enumerateWithEstimate E47 Training ----/103, done at 2026-01-28 14:22:29
2026-01-28 14:22:29,695 WARNING  pid:153008 util.util:091:enumerateWithEstimate E47 Validation ----/26, starting
2026-01-28 14:22:46,236 WARNING  pid:153008 util.util:126:enumerateWithEstimate E47 Validation ----/26, done at 2026-01-28 14:22:46
2026-01-28 14:22:47,016 INFO     pid:153008 __main__:646:main New best validation loss: 0.3086802363395691
2026-01-28 14:22:47,171 INFO     pid:153008 __main__:208:save_model Model saved successfully to /scratch.global/lundq163/auto_qc/auto_qc_model_02r7/model_02r7_fold_0.pt
2026-01-28 14:22:47,171 INFO     pid:153008 __main__:652:main Current learning rate: 1e-05
2026-01-28 14:22:47,185 INFO     pid:153008 __main__:612:main Epoch 48/100
2026-01-28 14:22:47,185 INFO     pid:153008 __main__:616:main GPU Memory Allocated: 0.37 GB
2026-01-28 14:22:47,186 INFO     pid:153008 __main__:617:main GPU Memory Reserved: 2.02 GB
2026-01-28 14:22:47,186 WARNING  pid:153008 util.util:091:enumerateWithEstimate E48 Training ----/103, starting
2026-01-28 14:23:19,231 INFO     pid:153008 util.util:111:enumerateWithEstimate E48 Training   32/103, done at 2026-01-28 14:24:12, 0:01:09
2026-01-28 14:23:44,062 INFO     pid:153008 util.util:111:enumerateWithEstimate E48 Training   64/103, done at 2026-01-28 14:24:13, 0:01:10
2026-01-28 14:24:12,803 WARNING  pid:153008 util.util:126:enumerateWithEstimate E48 Training ----/103, done at 2026-01-28 14:24:12
2026-01-28 14:24:12,804 WARNING  pid:153008 util.util:091:enumerateWithEstimate E48 Validation ----/26, starting
2026-01-28 14:24:29,537 WARNING  pid:153008 util.util:126:enumerateWithEstimate E48 Validation ----/26, done at 2026-01-28 14:24:29
2026-01-28 14:24:29,642 INFO     pid:153008 __main__:652:main Current learning rate: 1e-05
2026-01-28 14:24:29,655 INFO     pid:153008 __main__:612:main Epoch 49/100
2026-01-28 14:24:29,656 INFO     pid:153008 __main__:616:main GPU Memory Allocated: 0.37 GB
2026-01-28 14:24:29,656 INFO     pid:153008 __main__:617:main GPU Memory Reserved: 2.02 GB
2026-01-28 14:24:29,657 WARNING  pid:153008 util.util:091:enumerateWithEstimate E49 Training ----/103, starting
2026-01-28 14:25:02,582 INFO     pid:153008 util.util:111:enumerateWithEstimate E49 Training   32/103, done at 2026-01-28 14:25:58, 0:01:12
2026-01-28 14:25:27,101 INFO     pid:153008 util.util:111:enumerateWithEstimate E49 Training   64/103, done at 2026-01-28 14:25:56, 0:01:10
2026-01-28 14:25:55,878 WARNING  pid:153008 util.util:126:enumerateWithEstimate E49 Training ----/103, done at 2026-01-28 14:25:55
2026-01-28 14:25:55,879 WARNING  pid:153008 util.util:091:enumerateWithEstimate E49 Validation ----/26, starting
2026-01-28 14:26:12,403 WARNING  pid:153008 util.util:126:enumerateWithEstimate E49 Validation ----/26, done at 2026-01-28 14:26:12
2026-01-28 14:26:12,465 INFO     pid:153008 __main__:652:main Current learning rate: 1e-05
2026-01-28 14:26:12,478 INFO     pid:153008 __main__:612:main Epoch 50/100
2026-01-28 14:26:12,479 INFO     pid:153008 __main__:616:main GPU Memory Allocated: 0.37 GB
2026-01-28 14:26:12,479 INFO     pid:153008 __main__:617:main GPU Memory Reserved: 2.02 GB
2026-01-28 14:26:12,480 WARNING  pid:153008 util.util:091:enumerateWithEstimate E50 Training ----/103, starting
2026-01-28 14:26:45,048 INFO     pid:153008 util.util:111:enumerateWithEstimate E50 Training   32/103, done at 2026-01-28 14:27:38, 0:01:09
2026-01-28 14:27:09,753 INFO     pid:153008 util.util:111:enumerateWithEstimate E50 Training   64/103, done at 2026-01-28 14:27:39, 0:01:10
2026-01-28 14:27:38,523 WARNING  pid:153008 util.util:126:enumerateWithEstimate E50 Training ----/103, done at 2026-01-28 14:27:38
2026-01-28 14:27:38,525 WARNING  pid:153008 util.util:091:enumerateWithEstimate E50 Validation ----/26, starting
2026-01-28 14:27:55,408 WARNING  pid:153008 util.util:126:enumerateWithEstimate E50 Validation ----/26, done at 2026-01-28 14:27:55
2026-01-28 14:27:55,462 INFO     pid:153008 __main__:646:main New best validation loss: 0.3063660264015198
2026-01-28 14:27:55,614 INFO     pid:153008 __main__:208:save_model Model saved successfully to /scratch.global/lundq163/auto_qc/auto_qc_model_02r7/model_02r7_fold_0.pt
2026-01-28 14:27:55,614 INFO     pid:153008 __main__:652:main Current learning rate: 1e-05
2026-01-28 14:27:55,630 INFO     pid:153008 __main__:612:main Epoch 51/100
2026-01-28 14:27:55,630 INFO     pid:153008 __main__:616:main GPU Memory Allocated: 0.37 GB
2026-01-28 14:27:55,630 INFO     pid:153008 __main__:617:main GPU Memory Reserved: 2.02 GB
2026-01-28 14:27:55,631 WARNING  pid:153008 util.util:091:enumerateWithEstimate E51 Training ----/103, starting
2026-01-28 14:28:29,832 INFO     pid:153008 util.util:111:enumerateWithEstimate E51 Training   32/103, done at 2026-01-28 14:29:24, 0:01:10
2026-01-28 14:28:54,342 INFO     pid:153008 util.util:111:enumerateWithEstimate E51 Training   64/103, done at 2026-01-28 14:29:23, 0:01:10
2026-01-28 14:29:22,891 WARNING  pid:153008 util.util:126:enumerateWithEstimate E51 Training ----/103, done at 2026-01-28 14:29:22
2026-01-28 14:29:22,892 WARNING  pid:153008 util.util:091:enumerateWithEstimate E51 Validation ----/26, starting
2026-01-28 14:29:39,184 WARNING  pid:153008 util.util:126:enumerateWithEstimate E51 Validation ----/26, done at 2026-01-28 14:29:39
2026-01-28 14:29:39,352 INFO     pid:153008 __main__:652:main Current learning rate: 1e-05
2026-01-28 14:29:39,367 INFO     pid:153008 __main__:612:main Epoch 52/100
2026-01-28 14:29:39,368 INFO     pid:153008 __main__:616:main GPU Memory Allocated: 0.37 GB
2026-01-28 14:29:39,368 INFO     pid:153008 __main__:617:main GPU Memory Reserved: 2.02 GB
2026-01-28 14:29:39,369 WARNING  pid:153008 util.util:091:enumerateWithEstimate E52 Training ----/103, starting
2026-01-28 14:30:11,917 INFO     pid:153008 util.util:111:enumerateWithEstimate E52 Training   32/103, done at 2026-01-28 14:31:05, 0:01:10
2026-01-28 14:30:36,281 INFO     pid:153008 util.util:111:enumerateWithEstimate E52 Training   64/103, done at 2026-01-28 14:31:05, 0:01:09
2026-01-28 14:31:04,807 WARNING  pid:153008 util.util:126:enumerateWithEstimate E52 Training ----/103, done at 2026-01-28 14:31:04
2026-01-28 14:31:04,808 WARNING  pid:153008 util.util:091:enumerateWithEstimate E52 Validation ----/26, starting
2026-01-28 14:31:21,489 WARNING  pid:153008 util.util:126:enumerateWithEstimate E52 Validation ----/26, done at 2026-01-28 14:31:21
2026-01-28 14:31:22,061 INFO     pid:153008 __main__:652:main Current learning rate: 1e-05
2026-01-28 14:31:22,077 INFO     pid:153008 __main__:612:main Epoch 53/100
2026-01-28 14:31:22,077 INFO     pid:153008 __main__:616:main GPU Memory Allocated: 0.37 GB
2026-01-28 14:31:22,077 INFO     pid:153008 __main__:617:main GPU Memory Reserved: 2.02 GB
2026-01-28 14:31:22,085 WARNING  pid:153008 util.util:091:enumerateWithEstimate E53 Training ----/103, starting
2026-01-28 14:31:54,899 INFO     pid:153008 util.util:111:enumerateWithEstimate E53 Training   32/103, done at 2026-01-28 14:32:49, 0:01:10
2026-01-28 14:32:19,417 INFO     pid:153008 util.util:111:enumerateWithEstimate E53 Training   64/103, done at 2026-01-28 14:32:48, 0:01:10
2026-01-28 14:32:48,186 WARNING  pid:153008 util.util:126:enumerateWithEstimate E53 Training ----/103, done at 2026-01-28 14:32:48
2026-01-28 14:32:48,188 WARNING  pid:153008 util.util:091:enumerateWithEstimate E53 Validation ----/26, starting
2026-01-28 14:33:04,856 WARNING  pid:153008 util.util:126:enumerateWithEstimate E53 Validation ----/26, done at 2026-01-28 14:33:04
2026-01-28 14:33:05,362 INFO     pid:153008 __main__:652:main Current learning rate: 1e-05
2026-01-28 14:33:05,377 INFO     pid:153008 __main__:612:main Epoch 54/100
2026-01-28 14:33:05,378 INFO     pid:153008 __main__:616:main GPU Memory Allocated: 0.37 GB
2026-01-28 14:33:05,378 INFO     pid:153008 __main__:617:main GPU Memory Reserved: 2.02 GB
2026-01-28 14:33:05,379 WARNING  pid:153008 util.util:091:enumerateWithEstimate E54 Training ----/103, starting
2026-01-28 14:33:38,433 INFO     pid:153008 util.util:111:enumerateWithEstimate E54 Training   32/103, done at 2026-01-28 14:34:32, 0:01:10
2026-01-28 14:34:03,087 INFO     pid:153008 util.util:111:enumerateWithEstimate E54 Training   64/103, done at 2026-01-28 14:34:32, 0:01:10
2026-01-28 14:34:31,519 WARNING  pid:153008 util.util:126:enumerateWithEstimate E54 Training ----/103, done at 2026-01-28 14:34:31
2026-01-28 14:34:31,520 WARNING  pid:153008 util.util:091:enumerateWithEstimate E54 Validation ----/26, starting
2026-01-28 14:34:49,474 WARNING  pid:153008 util.util:126:enumerateWithEstimate E54 Validation ----/26, done at 2026-01-28 14:34:49
2026-01-28 14:34:50,224 INFO     pid:153008 __main__:652:main Current learning rate: 1e-05
2026-01-28 14:34:50,241 INFO     pid:153008 __main__:612:main Epoch 55/100
2026-01-28 14:34:50,242 INFO     pid:153008 __main__:616:main GPU Memory Allocated: 0.37 GB
2026-01-28 14:34:50,242 INFO     pid:153008 __main__:617:main GPU Memory Reserved: 2.02 GB
2026-01-28 14:34:50,242 WARNING  pid:153008 util.util:091:enumerateWithEstimate E55 Training ----/103, starting
2026-01-28 14:35:22,698 INFO     pid:153008 util.util:111:enumerateWithEstimate E55 Training   32/103, done at 2026-01-28 14:36:17, 0:01:10
2026-01-28 14:35:47,738 INFO     pid:153008 util.util:111:enumerateWithEstimate E55 Training   64/103, done at 2026-01-28 14:36:17, 0:01:11
2026-01-28 14:36:16,535 WARNING  pid:153008 util.util:126:enumerateWithEstimate E55 Training ----/103, done at 2026-01-28 14:36:16
2026-01-28 14:36:16,537 WARNING  pid:153008 util.util:091:enumerateWithEstimate E55 Validation ----/26, starting
2026-01-28 14:36:33,558 WARNING  pid:153008 util.util:126:enumerateWithEstimate E55 Validation ----/26, done at 2026-01-28 14:36:33
2026-01-28 14:36:33,951 INFO     pid:153008 __main__:652:main Current learning rate: 1e-05
2026-01-28 14:36:33,964 INFO     pid:153008 __main__:612:main Epoch 56/100
2026-01-28 14:36:33,965 INFO     pid:153008 __main__:616:main GPU Memory Allocated: 0.37 GB
2026-01-28 14:36:33,965 INFO     pid:153008 __main__:617:main GPU Memory Reserved: 2.02 GB
2026-01-28 14:36:33,965 WARNING  pid:153008 util.util:091:enumerateWithEstimate E56 Training ----/103, starting
2026-01-28 14:37:07,141 INFO     pid:153008 util.util:111:enumerateWithEstimate E56 Training   32/103, done at 2026-01-28 14:38:01, 0:01:10
2026-01-28 14:37:31,802 INFO     pid:153008 util.util:111:enumerateWithEstimate E56 Training   64/103, done at 2026-01-28 14:38:01, 0:01:10
2026-01-28 14:38:00,483 WARNING  pid:153008 util.util:126:enumerateWithEstimate E56 Training ----/103, done at 2026-01-28 14:38:00
2026-01-28 14:38:00,484 WARNING  pid:153008 util.util:091:enumerateWithEstimate E56 Validation ----/26, starting
2026-01-28 14:38:17,287 WARNING  pid:153008 util.util:126:enumerateWithEstimate E56 Validation ----/26, done at 2026-01-28 14:38:17
2026-01-28 14:38:18,020 INFO     pid:153008 __main__:652:main Current learning rate: 1e-05
2026-01-28 14:38:18,034 INFO     pid:153008 __main__:612:main Epoch 57/100
2026-01-28 14:38:18,034 INFO     pid:153008 __main__:616:main GPU Memory Allocated: 0.37 GB
2026-01-28 14:38:18,034 INFO     pid:153008 __main__:617:main GPU Memory Reserved: 2.02 GB
2026-01-28 14:38:18,035 WARNING  pid:153008 util.util:091:enumerateWithEstimate E57 Training ----/103, starting
2026-01-28 14:38:48,510 INFO     pid:153008 util.util:111:enumerateWithEstimate E57 Training   32/103, done at 2026-01-28 14:39:42, 0:01:10
2026-01-28 14:39:13,064 INFO     pid:153008 util.util:111:enumerateWithEstimate E57 Training   64/103, done at 2026-01-28 14:39:42, 0:01:09
2026-01-28 14:39:41,557 WARNING  pid:153008 util.util:126:enumerateWithEstimate E57 Training ----/103, done at 2026-01-28 14:39:41
2026-01-28 14:39:41,558 WARNING  pid:153008 util.util:091:enumerateWithEstimate E57 Validation ----/26, starting
2026-01-28 14:39:58,703 WARNING  pid:153008 util.util:126:enumerateWithEstimate E57 Validation ----/26, done at 2026-01-28 14:39:58
2026-01-28 14:39:58,772 INFO     pid:153008 __main__:652:main Current learning rate: 1e-05
2026-01-28 14:39:58,785 INFO     pid:153008 __main__:612:main Epoch 58/100
2026-01-28 14:39:58,785 INFO     pid:153008 __main__:616:main GPU Memory Allocated: 0.37 GB
2026-01-28 14:39:58,786 INFO     pid:153008 __main__:617:main GPU Memory Reserved: 2.02 GB
2026-01-28 14:39:58,786 WARNING  pid:153008 util.util:091:enumerateWithEstimate E58 Training ----/103, starting
2026-01-28 14:40:31,143 INFO     pid:153008 util.util:111:enumerateWithEstimate E58 Training   32/103, done at 2026-01-28 14:41:25, 0:01:10
2026-01-28 14:40:55,678 INFO     pid:153008 util.util:111:enumerateWithEstimate E58 Training   64/103, done at 2026-01-28 14:41:24, 0:01:10
2026-01-28 14:41:24,463 WARNING  pid:153008 util.util:126:enumerateWithEstimate E58 Training ----/103, done at 2026-01-28 14:41:24
2026-01-28 14:41:24,464 WARNING  pid:153008 util.util:091:enumerateWithEstimate E58 Validation ----/26, starting
2026-01-28 14:41:41,257 WARNING  pid:153008 util.util:126:enumerateWithEstimate E58 Validation ----/26, done at 2026-01-28 14:41:41
2026-01-28 14:41:41,350 INFO     pid:153008 __main__:652:main Current learning rate: 1e-05
2026-01-28 14:41:41,364 INFO     pid:153008 __main__:612:main Epoch 59/100
2026-01-28 14:41:41,364 INFO     pid:153008 __main__:616:main GPU Memory Allocated: 0.37 GB
2026-01-28 14:41:41,364 INFO     pid:153008 __main__:617:main GPU Memory Reserved: 2.02 GB
2026-01-28 14:41:41,365 WARNING  pid:153008 util.util:091:enumerateWithEstimate E59 Training ----/103, starting
2026-01-28 14:42:13,358 INFO     pid:153008 util.util:111:enumerateWithEstimate E59 Training   32/103, done at 2026-01-28 14:43:08, 0:01:11
2026-01-28 14:42:38,366 INFO     pid:153008 util.util:111:enumerateWithEstimate E59 Training   64/103, done at 2026-01-28 14:43:08, 0:01:11
2026-01-28 14:43:07,266 WARNING  pid:153008 util.util:126:enumerateWithEstimate E59 Training ----/103, done at 2026-01-28 14:43:07
2026-01-28 14:43:07,267 WARNING  pid:153008 util.util:091:enumerateWithEstimate E59 Validation ----/26, starting
2026-01-28 14:43:24,224 WARNING  pid:153008 util.util:126:enumerateWithEstimate E59 Validation ----/26, done at 2026-01-28 14:43:24
2026-01-28 14:43:24,353 INFO     pid:153008 __main__:652:main Current learning rate: 1e-05
2026-01-28 14:43:24,366 INFO     pid:153008 __main__:612:main Epoch 60/100
2026-01-28 14:43:24,367 INFO     pid:153008 __main__:616:main GPU Memory Allocated: 0.37 GB
2026-01-28 14:43:24,367 INFO     pid:153008 __main__:617:main GPU Memory Reserved: 2.02 GB
2026-01-28 14:43:24,368 WARNING  pid:153008 util.util:091:enumerateWithEstimate E60 Training ----/103, starting
2026-01-28 14:43:56,518 INFO     pid:153008 util.util:111:enumerateWithEstimate E60 Training   32/103, done at 2026-01-28 14:44:50, 0:01:09
2026-01-28 14:44:21,257 INFO     pid:153008 util.util:111:enumerateWithEstimate E60 Training   64/103, done at 2026-01-28 14:44:50, 0:01:10
2026-01-28 14:44:50,084 WARNING  pid:153008 util.util:126:enumerateWithEstimate E60 Training ----/103, done at 2026-01-28 14:44:50
2026-01-28 14:44:50,085 WARNING  pid:153008 util.util:091:enumerateWithEstimate E60 Validation ----/26, starting
2026-01-28 14:45:06,869 WARNING  pid:153008 util.util:126:enumerateWithEstimate E60 Validation ----/26, done at 2026-01-28 14:45:06
2026-01-28 14:45:06,871 INFO     pid:153008 __main__:652:main Current learning rate: 1e-05
2026-01-28 14:45:06,885 INFO     pid:153008 __main__:612:main Epoch 61/100
2026-01-28 14:45:06,886 INFO     pid:153008 __main__:616:main GPU Memory Allocated: 0.37 GB
2026-01-28 14:45:06,886 INFO     pid:153008 __main__:617:main GPU Memory Reserved: 2.02 GB
2026-01-28 14:45:06,887 WARNING  pid:153008 util.util:091:enumerateWithEstimate E61 Training ----/103, starting
2026-01-28 14:45:38,653 INFO     pid:153008 util.util:111:enumerateWithEstimate E61 Training   32/103, done at 2026-01-28 14:46:32, 0:01:10
2026-01-28 14:46:03,552 INFO     pid:153008 util.util:111:enumerateWithEstimate E61 Training   64/103, done at 2026-01-28 14:46:33, 0:01:10
2026-01-28 14:46:32,205 WARNING  pid:153008 util.util:126:enumerateWithEstimate E61 Training ----/103, done at 2026-01-28 14:46:32
2026-01-28 14:46:32,206 WARNING  pid:153008 util.util:091:enumerateWithEstimate E61 Validation ----/26, starting
2026-01-28 14:46:48,527 WARNING  pid:153008 util.util:126:enumerateWithEstimate E61 Validation ----/26, done at 2026-01-28 14:46:48
2026-01-28 14:46:49,283 INFO     pid:153008 __main__:652:main Current learning rate: 1.0000000000000002e-06
2026-01-28 14:46:49,298 INFO     pid:153008 __main__:612:main Epoch 62/100
2026-01-28 14:46:49,298 INFO     pid:153008 __main__:616:main GPU Memory Allocated: 0.37 GB
2026-01-28 14:46:49,298 INFO     pid:153008 __main__:617:main GPU Memory Reserved: 2.02 GB
2026-01-28 14:46:49,299 WARNING  pid:153008 util.util:091:enumerateWithEstimate E62 Training ----/103, starting
2026-01-28 14:47:21,061 INFO     pid:153008 util.util:111:enumerateWithEstimate E62 Training   32/103, done at 2026-01-28 14:48:15, 0:01:10
2026-01-28 14:47:46,277 INFO     pid:153008 util.util:111:enumerateWithEstimate E62 Training   64/103, done at 2026-01-28 14:48:16, 0:01:11
2026-01-28 14:48:15,129 WARNING  pid:153008 util.util:126:enumerateWithEstimate E62 Training ----/103, done at 2026-01-28 14:48:15
2026-01-28 14:48:15,131 WARNING  pid:153008 util.util:091:enumerateWithEstimate E62 Validation ----/26, starting
2026-01-28 14:48:32,181 WARNING  pid:153008 util.util:126:enumerateWithEstimate E62 Validation ----/26, done at 2026-01-28 14:48:32
2026-01-28 14:48:32,948 INFO     pid:153008 __main__:652:main Current learning rate: 1.0000000000000002e-06
2026-01-28 14:48:32,962 INFO     pid:153008 __main__:612:main Epoch 63/100
2026-01-28 14:48:32,963 INFO     pid:153008 __main__:616:main GPU Memory Allocated: 0.37 GB
2026-01-28 14:48:32,963 INFO     pid:153008 __main__:617:main GPU Memory Reserved: 2.02 GB
2026-01-28 14:48:32,963 WARNING  pid:153008 util.util:091:enumerateWithEstimate E63 Training ----/103, starting
2026-01-28 14:49:07,030 INFO     pid:153008 util.util:111:enumerateWithEstimate E63 Training   32/103, done at 2026-01-28 14:50:02, 0:01:11
2026-01-28 14:49:31,694 INFO     pid:153008 util.util:111:enumerateWithEstimate E63 Training   64/103, done at 2026-01-28 14:50:01, 0:01:10
2026-01-28 14:50:00,749 WARNING  pid:153008 util.util:126:enumerateWithEstimate E63 Training ----/103, done at 2026-01-28 14:50:00
2026-01-28 14:50:00,750 WARNING  pid:153008 util.util:091:enumerateWithEstimate E63 Validation ----/26, starting
2026-01-28 14:50:17,370 WARNING  pid:153008 util.util:126:enumerateWithEstimate E63 Validation ----/26, done at 2026-01-28 14:50:17
2026-01-28 14:50:17,814 INFO     pid:153008 __main__:652:main Current learning rate: 1.0000000000000002e-06
2026-01-28 14:50:17,827 INFO     pid:153008 __main__:612:main Epoch 64/100
2026-01-28 14:50:17,828 INFO     pid:153008 __main__:616:main GPU Memory Allocated: 0.37 GB
2026-01-28 14:50:17,828 INFO     pid:153008 __main__:617:main GPU Memory Reserved: 2.02 GB
2026-01-28 14:50:17,828 WARNING  pid:153008 util.util:091:enumerateWithEstimate E64 Training ----/103, starting
2026-01-28 14:50:50,610 INFO     pid:153008 util.util:111:enumerateWithEstimate E64 Training   32/103, done at 2026-01-28 14:51:45, 0:01:10
2026-01-28 14:51:15,131 INFO     pid:153008 util.util:111:enumerateWithEstimate E64 Training   64/103, done at 2026-01-28 14:51:44, 0:01:10
2026-01-28 14:51:43,765 WARNING  pid:153008 util.util:126:enumerateWithEstimate E64 Training ----/103, done at 2026-01-28 14:51:43
2026-01-28 14:51:43,767 WARNING  pid:153008 util.util:091:enumerateWithEstimate E64 Validation ----/26, starting
2026-01-28 14:51:59,892 WARNING  pid:153008 util.util:126:enumerateWithEstimate E64 Validation ----/26, done at 2026-01-28 14:51:59
2026-01-28 14:52:00,247 INFO     pid:153008 __main__:652:main Current learning rate: 1.0000000000000002e-06
2026-01-28 14:52:00,261 INFO     pid:153008 __main__:612:main Epoch 65/100
2026-01-28 14:52:00,262 INFO     pid:153008 __main__:616:main GPU Memory Allocated: 0.37 GB
2026-01-28 14:52:00,262 INFO     pid:153008 __main__:617:main GPU Memory Reserved: 2.02 GB
2026-01-28 14:52:00,262 WARNING  pid:153008 util.util:091:enumerateWithEstimate E65 Training ----/103, starting
2026-01-28 14:52:33,299 INFO     pid:153008 util.util:111:enumerateWithEstimate E65 Training   32/103, done at 2026-01-28 14:53:27, 0:01:10
2026-01-28 14:52:57,890 INFO     pid:153008 util.util:111:enumerateWithEstimate E65 Training   64/103, done at 2026-01-28 14:53:27, 0:01:10
2026-01-28 14:53:26,568 WARNING  pid:153008 util.util:126:enumerateWithEstimate E65 Training ----/103, done at 2026-01-28 14:53:26
2026-01-28 14:53:26,570 WARNING  pid:153008 util.util:091:enumerateWithEstimate E65 Validation ----/26, starting
2026-01-28 14:53:43,321 WARNING  pid:153008 util.util:126:enumerateWithEstimate E65 Validation ----/26, done at 2026-01-28 14:53:43
2026-01-28 14:53:43,511 INFO     pid:153008 __main__:652:main Current learning rate: 1.0000000000000002e-06
2026-01-28 14:53:43,524 INFO     pid:153008 __main__:612:main Epoch 66/100
2026-01-28 14:53:43,524 INFO     pid:153008 __main__:616:main GPU Memory Allocated: 0.37 GB
2026-01-28 14:53:43,525 INFO     pid:153008 __main__:617:main GPU Memory Reserved: 2.02 GB
2026-01-28 14:53:43,525 WARNING  pid:153008 util.util:091:enumerateWithEstimate E66 Training ----/103, starting
2026-01-28 14:54:15,852 INFO     pid:153008 util.util:111:enumerateWithEstimate E66 Training   32/103, done at 2026-01-28 14:55:10, 0:01:10
2026-01-28 14:54:40,531 INFO     pid:153008 util.util:111:enumerateWithEstimate E66 Training   64/103, done at 2026-01-28 14:55:09, 0:01:10
2026-01-28 14:55:09,299 WARNING  pid:153008 util.util:126:enumerateWithEstimate E66 Training ----/103, done at 2026-01-28 14:55:09
2026-01-28 14:55:09,301 WARNING  pid:153008 util.util:091:enumerateWithEstimate E66 Validation ----/26, starting
2026-01-28 14:55:25,948 WARNING  pid:153008 util.util:126:enumerateWithEstimate E66 Validation ----/26, done at 2026-01-28 14:55:25
2026-01-28 14:55:26,102 INFO     pid:153008 __main__:652:main Current learning rate: 1.0000000000000002e-06
2026-01-28 14:55:26,115 INFO     pid:153008 __main__:612:main Epoch 67/100
2026-01-28 14:55:26,116 INFO     pid:153008 __main__:616:main GPU Memory Allocated: 0.37 GB
2026-01-28 14:55:26,116 INFO     pid:153008 __main__:617:main GPU Memory Reserved: 2.02 GB
2026-01-28 14:55:26,117 WARNING  pid:153008 util.util:091:enumerateWithEstimate E67 Training ----/103, starting
2026-01-28 14:55:59,091 INFO     pid:153008 util.util:111:enumerateWithEstimate E67 Training   32/103, done at 2026-01-28 14:56:53, 0:01:10
2026-01-28 14:56:23,543 INFO     pid:153008 util.util:111:enumerateWithEstimate E67 Training   64/103, done at 2026-01-28 14:56:52, 0:01:10
2026-01-28 14:56:52,139 WARNING  pid:153008 util.util:126:enumerateWithEstimate E67 Training ----/103, done at 2026-01-28 14:56:52
2026-01-28 14:56:52,140 WARNING  pid:153008 util.util:091:enumerateWithEstimate E67 Validation ----/26, starting
2026-01-28 14:57:10,041 WARNING  pid:153008 util.util:126:enumerateWithEstimate E67 Validation ----/26, done at 2026-01-28 14:57:10
2026-01-28 14:57:10,796 INFO     pid:153008 __main__:652:main Current learning rate: 1.0000000000000002e-06
2026-01-28 14:57:10,809 INFO     pid:153008 __main__:612:main Epoch 68/100
2026-01-28 14:57:10,809 INFO     pid:153008 __main__:616:main GPU Memory Allocated: 0.37 GB
2026-01-28 14:57:10,810 INFO     pid:153008 __main__:617:main GPU Memory Reserved: 2.02 GB
2026-01-28 14:57:10,810 WARNING  pid:153008 util.util:091:enumerateWithEstimate E68 Training ----/103, starting
2026-01-28 14:57:41,926 INFO     pid:153008 util.util:111:enumerateWithEstimate E68 Training   32/103, done at 2026-01-28 14:58:35, 0:01:10
2026-01-28 14:58:06,456 INFO     pid:153008 util.util:111:enumerateWithEstimate E68 Training   64/103, done at 2026-01-28 14:58:35, 0:01:09
2026-01-28 14:58:35,122 WARNING  pid:153008 util.util:126:enumerateWithEstimate E68 Training ----/103, done at 2026-01-28 14:58:35
2026-01-28 14:58:35,124 WARNING  pid:153008 util.util:091:enumerateWithEstimate E68 Validation ----/26, starting
2026-01-28 14:58:52,003 WARNING  pid:153008 util.util:126:enumerateWithEstimate E68 Validation ----/26, done at 2026-01-28 14:58:52
2026-01-28 14:58:52,573 INFO     pid:153008 __main__:652:main Current learning rate: 1.0000000000000002e-06
2026-01-28 14:58:52,586 INFO     pid:153008 __main__:612:main Epoch 69/100
2026-01-28 14:58:52,586 INFO     pid:153008 __main__:616:main GPU Memory Allocated: 0.37 GB
2026-01-28 14:58:52,587 INFO     pid:153008 __main__:617:main GPU Memory Reserved: 2.02 GB
2026-01-28 14:58:52,587 WARNING  pid:153008 util.util:091:enumerateWithEstimate E69 Training ----/103, starting
2026-01-28 14:59:24,794 INFO     pid:153008 util.util:111:enumerateWithEstimate E69 Training   32/103, done at 2026-01-28 15:00:19, 0:01:10
2026-01-28 14:59:49,781 INFO     pid:153008 util.util:111:enumerateWithEstimate E69 Training   64/103, done at 2026-01-28 15:00:19, 0:01:11
2026-01-28 15:00:18,476 WARNING  pid:153008 util.util:126:enumerateWithEstimate E69 Training ----/103, done at 2026-01-28 15:00:18
2026-01-28 15:00:18,477 WARNING  pid:153008 util.util:091:enumerateWithEstimate E69 Validation ----/26, starting
2026-01-28 15:00:34,564 WARNING  pid:153008 util.util:126:enumerateWithEstimate E69 Validation ----/26, done at 2026-01-28 15:00:34
2026-01-28 15:00:35,214 INFO     pid:153008 __main__:652:main Current learning rate: 1.0000000000000002e-06
2026-01-28 15:00:35,228 INFO     pid:153008 __main__:612:main Epoch 70/100
2026-01-28 15:00:35,229 INFO     pid:153008 __main__:616:main GPU Memory Allocated: 0.37 GB
2026-01-28 15:00:35,229 INFO     pid:153008 __main__:617:main GPU Memory Reserved: 2.02 GB
2026-01-28 15:00:35,230 WARNING  pid:153008 util.util:091:enumerateWithEstimate E70 Training ----/103, starting
2026-01-28 15:01:07,316 INFO     pid:153008 util.util:111:enumerateWithEstimate E70 Training   32/103, done at 2026-01-28 15:02:01, 0:01:09
2026-01-28 15:01:31,812 INFO     pid:153008 util.util:111:enumerateWithEstimate E70 Training   64/103, done at 2026-01-28 15:02:00, 0:01:09
2026-01-28 15:02:00,361 WARNING  pid:153008 util.util:126:enumerateWithEstimate E70 Training ----/103, done at 2026-01-28 15:02:00
2026-01-28 15:02:00,362 WARNING  pid:153008 util.util:091:enumerateWithEstimate E70 Validation ----/26, starting
2026-01-28 15:02:17,342 WARNING  pid:153008 util.util:126:enumerateWithEstimate E70 Validation ----/26, done at 2026-01-28 15:02:17
2026-01-28 15:02:18,076 INFO     pid:153008 __main__:652:main Current learning rate: 1.0000000000000002e-06
2026-01-28 15:02:18,089 INFO     pid:153008 __main__:612:main Epoch 71/100
2026-01-28 15:02:18,090 INFO     pid:153008 __main__:616:main GPU Memory Allocated: 0.37 GB
2026-01-28 15:02:18,090 INFO     pid:153008 __main__:617:main GPU Memory Reserved: 2.02 GB
2026-01-28 15:02:18,090 WARNING  pid:153008 util.util:091:enumerateWithEstimate E71 Training ----/103, starting
2026-01-28 15:02:52,103 INFO     pid:153008 util.util:111:enumerateWithEstimate E71 Training   32/103, done at 2026-01-28 15:03:45, 0:01:09
2026-01-28 15:03:16,282 INFO     pid:153008 util.util:111:enumerateWithEstimate E71 Training   64/103, done at 2026-01-28 15:03:45, 0:01:09
2026-01-28 15:03:44,740 WARNING  pid:153008 util.util:126:enumerateWithEstimate E71 Training ----/103, done at 2026-01-28 15:03:44
2026-01-28 15:03:44,742 WARNING  pid:153008 util.util:091:enumerateWithEstimate E71 Validation ----/26, starting
2026-01-28 15:04:02,316 WARNING  pid:153008 util.util:126:enumerateWithEstimate E71 Validation ----/26, done at 2026-01-28 15:04:02
2026-01-28 15:04:02,318 INFO     pid:153008 __main__:652:main Current learning rate: 1.0000000000000002e-06
2026-01-28 15:04:02,332 INFO     pid:153008 __main__:612:main Epoch 72/100
2026-01-28 15:04:02,332 INFO     pid:153008 __main__:616:main GPU Memory Allocated: 0.37 GB
2026-01-28 15:04:02,333 INFO     pid:153008 __main__:617:main GPU Memory Reserved: 2.02 GB
2026-01-28 15:04:02,333 WARNING  pid:153008 util.util:091:enumerateWithEstimate E72 Training ----/103, starting
2026-01-28 15:04:36,013 INFO     pid:153008 util.util:111:enumerateWithEstimate E72 Training   32/103, done at 2026-01-28 15:05:30, 0:01:11
2026-01-28 15:05:00,569 INFO     pid:153008 util.util:111:enumerateWithEstimate E72 Training   64/103, done at 2026-01-28 15:05:29, 0:01:10
2026-01-28 15:05:29,177 WARNING  pid:153008 util.util:126:enumerateWithEstimate E72 Training ----/103, done at 2026-01-28 15:05:29
2026-01-28 15:05:29,178 WARNING  pid:153008 util.util:091:enumerateWithEstimate E72 Validation ----/26, starting
2026-01-28 15:05:46,427 WARNING  pid:153008 util.util:126:enumerateWithEstimate E72 Validation ----/26, done at 2026-01-28 15:05:46
2026-01-28 15:05:47,031 INFO     pid:153008 __main__:652:main Current learning rate: 1.0000000000000002e-07
2026-01-28 15:05:47,045 INFO     pid:153008 __main__:612:main Epoch 73/100
2026-01-28 15:05:47,045 INFO     pid:153008 __main__:616:main GPU Memory Allocated: 0.37 GB
2026-01-28 15:05:47,045 INFO     pid:153008 __main__:617:main GPU Memory Reserved: 2.02 GB
2026-01-28 15:05:47,046 WARNING  pid:153008 util.util:091:enumerateWithEstimate E73 Training ----/103, starting
2026-01-28 15:06:20,512 INFO     pid:153008 util.util:111:enumerateWithEstimate E73 Training   32/103, done at 2026-01-28 15:07:14, 0:01:09
2026-01-28 15:06:45,118 INFO     pid:153008 util.util:111:enumerateWithEstimate E73 Training   64/103, done at 2026-01-28 15:07:14, 0:01:09
2026-01-28 15:07:13,858 WARNING  pid:153008 util.util:126:enumerateWithEstimate E73 Training ----/103, done at 2026-01-28 15:07:13
2026-01-28 15:07:13,859 WARNING  pid:153008 util.util:091:enumerateWithEstimate E73 Validation ----/26, starting
2026-01-28 15:07:31,122 WARNING  pid:153008 util.util:126:enumerateWithEstimate E73 Validation ----/26, done at 2026-01-28 15:07:31
2026-01-28 15:07:31,779 INFO     pid:153008 __main__:652:main Current learning rate: 1.0000000000000002e-07
2026-01-28 15:07:31,793 INFO     pid:153008 __main__:612:main Epoch 74/100
2026-01-28 15:07:31,793 INFO     pid:153008 __main__:616:main GPU Memory Allocated: 0.37 GB
2026-01-28 15:07:31,793 INFO     pid:153008 __main__:617:main GPU Memory Reserved: 2.02 GB
2026-01-28 15:07:31,794 WARNING  pid:153008 util.util:091:enumerateWithEstimate E74 Training ----/103, starting
2026-01-28 15:08:05,158 INFO     pid:153008 util.util:111:enumerateWithEstimate E74 Training   32/103, done at 2026-01-28 15:08:58, 0:01:09
2026-01-28 15:08:30,394 INFO     pid:153008 util.util:111:enumerateWithEstimate E74 Training   64/103, done at 2026-01-28 15:08:59, 0:01:10
2026-01-28 15:08:59,075 WARNING  pid:153008 util.util:126:enumerateWithEstimate E74 Training ----/103, done at 2026-01-28 15:08:59
2026-01-28 15:08:59,076 WARNING  pid:153008 util.util:091:enumerateWithEstimate E74 Validation ----/26, starting
2026-01-28 15:09:15,397 WARNING  pid:153008 util.util:126:enumerateWithEstimate E74 Validation ----/26, done at 2026-01-28 15:09:15
2026-01-28 15:09:15,469 INFO     pid:153008 __main__:652:main Current learning rate: 1.0000000000000002e-07
2026-01-28 15:09:15,482 INFO     pid:153008 __main__:612:main Epoch 75/100
2026-01-28 15:09:15,483 INFO     pid:153008 __main__:616:main GPU Memory Allocated: 0.37 GB
2026-01-28 15:09:15,483 INFO     pid:153008 __main__:617:main GPU Memory Reserved: 2.02 GB
2026-01-28 15:09:15,484 WARNING  pid:153008 util.util:091:enumerateWithEstimate E75 Training ----/103, starting
2026-01-28 15:09:47,573 INFO     pid:153008 util.util:111:enumerateWithEstimate E75 Training   32/103, done at 2026-01-28 15:10:41, 0:01:10
2026-01-28 15:10:12,004 INFO     pid:153008 util.util:111:enumerateWithEstimate E75 Training   64/103, done at 2026-01-28 15:10:41, 0:01:09
2026-01-28 15:10:40,574 WARNING  pid:153008 util.util:126:enumerateWithEstimate E75 Training ----/103, done at 2026-01-28 15:10:40
2026-01-28 15:10:40,575 WARNING  pid:153008 util.util:091:enumerateWithEstimate E75 Validation ----/26, starting
2026-01-28 15:10:57,317 WARNING  pid:153008 util.util:126:enumerateWithEstimate E75 Validation ----/26, done at 2026-01-28 15:10:57
2026-01-28 15:10:57,319 INFO     pid:153008 __main__:652:main Current learning rate: 1.0000000000000002e-07
2026-01-28 15:10:57,333 INFO     pid:153008 __main__:612:main Epoch 76/100
2026-01-28 15:10:57,333 INFO     pid:153008 __main__:616:main GPU Memory Allocated: 0.37 GB
2026-01-28 15:10:57,333 INFO     pid:153008 __main__:617:main GPU Memory Reserved: 2.02 GB
2026-01-28 15:10:57,334 WARNING  pid:153008 util.util:091:enumerateWithEstimate E76 Training ----/103, starting
2026-01-28 15:11:27,876 INFO     pid:153008 util.util:111:enumerateWithEstimate E76 Training   32/103, done at 2026-01-28 15:12:21, 0:01:10
2026-01-28 15:11:52,232 INFO     pid:153008 util.util:111:enumerateWithEstimate E76 Training   64/103, done at 2026-01-28 15:12:21, 0:01:09
2026-01-28 15:12:20,931 WARNING  pid:153008 util.util:126:enumerateWithEstimate E76 Training ----/103, done at 2026-01-28 15:12:20
2026-01-28 15:12:20,932 WARNING  pid:153008 util.util:091:enumerateWithEstimate E76 Validation ----/26, starting
2026-01-28 15:12:38,215 WARNING  pid:153008 util.util:126:enumerateWithEstimate E76 Validation ----/26, done at 2026-01-28 15:12:38
2026-01-28 15:12:39,006 INFO     pid:153008 __main__:652:main Current learning rate: 1.0000000000000002e-07
2026-01-28 15:12:39,020 INFO     pid:153008 __main__:612:main Epoch 77/100
2026-01-28 15:12:39,020 INFO     pid:153008 __main__:616:main GPU Memory Allocated: 0.37 GB
2026-01-28 15:12:39,020 INFO     pid:153008 __main__:617:main GPU Memory Reserved: 2.02 GB
2026-01-28 15:12:39,021 WARNING  pid:153008 util.util:091:enumerateWithEstimate E77 Training ----/103, starting
2026-01-28 15:13:11,560 INFO     pid:153008 util.util:111:enumerateWithEstimate E77 Training   32/103, done at 2026-01-28 15:14:05, 0:01:10
2026-01-28 15:13:36,562 INFO     pid:153008 util.util:111:enumerateWithEstimate E77 Training   64/103, done at 2026-01-28 15:14:06, 0:01:10
2026-01-28 15:14:05,193 WARNING  pid:153008 util.util:126:enumerateWithEstimate E77 Training ----/103, done at 2026-01-28 15:14:05
2026-01-28 15:14:05,194 WARNING  pid:153008 util.util:091:enumerateWithEstimate E77 Validation ----/26, starting
2026-01-28 15:14:21,923 WARNING  pid:153008 util.util:126:enumerateWithEstimate E77 Validation ----/26, done at 2026-01-28 15:14:21
2026-01-28 15:14:22,683 INFO     pid:153008 __main__:652:main Current learning rate: 1.0000000000000002e-07
2026-01-28 15:14:22,696 INFO     pid:153008 __main__:612:main Epoch 78/100
2026-01-28 15:14:22,697 INFO     pid:153008 __main__:616:main GPU Memory Allocated: 0.37 GB
2026-01-28 15:14:22,697 INFO     pid:153008 __main__:617:main GPU Memory Reserved: 2.02 GB
2026-01-28 15:14:22,698 WARNING  pid:153008 util.util:091:enumerateWithEstimate E78 Training ----/103, starting
2026-01-28 15:14:57,372 INFO     pid:153008 util.util:111:enumerateWithEstimate E78 Training   32/103, done at 2026-01-28 15:15:52, 0:01:11
2026-01-28 15:15:22,355 INFO     pid:153008 util.util:111:enumerateWithEstimate E78 Training   64/103, done at 2026-01-28 15:15:52, 0:01:11
2026-01-28 15:15:50,997 WARNING  pid:153008 util.util:126:enumerateWithEstimate E78 Training ----/103, done at 2026-01-28 15:15:50
2026-01-28 15:15:50,999 WARNING  pid:153008 util.util:091:enumerateWithEstimate E78 Validation ----/26, starting
2026-01-28 15:16:07,354 WARNING  pid:153008 util.util:126:enumerateWithEstimate E78 Validation ----/26, done at 2026-01-28 15:16:07
2026-01-28 15:16:08,037 INFO     pid:153008 __main__:652:main Current learning rate: 1.0000000000000002e-07
2026-01-28 15:16:08,051 INFO     pid:153008 __main__:612:main Epoch 79/100
2026-01-28 15:16:08,051 INFO     pid:153008 __main__:616:main GPU Memory Allocated: 0.37 GB
2026-01-28 15:16:08,052 INFO     pid:153008 __main__:617:main GPU Memory Reserved: 2.02 GB
2026-01-28 15:16:08,052 WARNING  pid:153008 util.util:091:enumerateWithEstimate E79 Training ----/103, starting
2026-01-28 15:16:40,683 INFO     pid:153008 util.util:111:enumerateWithEstimate E79 Training   32/103, done at 2026-01-28 15:17:34, 0:01:10
2026-01-28 15:17:05,236 INFO     pid:153008 util.util:111:enumerateWithEstimate E79 Training   64/103, done at 2026-01-28 15:17:34, 0:01:09
2026-01-28 15:17:34,146 WARNING  pid:153008 util.util:126:enumerateWithEstimate E79 Training ----/103, done at 2026-01-28 15:17:34
2026-01-28 15:17:34,147 WARNING  pid:153008 util.util:091:enumerateWithEstimate E79 Validation ----/26, starting
2026-01-28 15:17:50,942 WARNING  pid:153008 util.util:126:enumerateWithEstimate E79 Validation ----/26, done at 2026-01-28 15:17:50
2026-01-28 15:17:50,948 INFO     pid:153008 __main__:652:main Current learning rate: 1.0000000000000002e-07
2026-01-28 15:17:50,962 INFO     pid:153008 __main__:612:main Epoch 80/100
2026-01-28 15:17:50,962 INFO     pid:153008 __main__:616:main GPU Memory Allocated: 0.37 GB
2026-01-28 15:17:50,962 INFO     pid:153008 __main__:617:main GPU Memory Reserved: 2.02 GB
2026-01-28 15:17:50,963 WARNING  pid:153008 util.util:091:enumerateWithEstimate E80 Training ----/103, starting
2026-01-28 15:18:23,052 INFO     pid:153008 util.util:111:enumerateWithEstimate E80 Training   32/103, done at 2026-01-28 15:19:16, 0:01:09
2026-01-28 15:18:47,655 INFO     pid:153008 util.util:111:enumerateWithEstimate E80 Training   64/103, done at 2026-01-28 15:19:16, 0:01:09
2026-01-28 15:19:16,393 WARNING  pid:153008 util.util:126:enumerateWithEstimate E80 Training ----/103, done at 2026-01-28 15:19:16
2026-01-28 15:19:16,395 WARNING  pid:153008 util.util:091:enumerateWithEstimate E80 Validation ----/26, starting
2026-01-28 15:19:33,831 WARNING  pid:153008 util.util:126:enumerateWithEstimate E80 Validation ----/26, done at 2026-01-28 15:19:33
2026-01-28 15:19:34,121 INFO     pid:153008 __main__:652:main Current learning rate: 1.0000000000000002e-07
2026-01-28 15:19:34,134 INFO     pid:153008 __main__:612:main Epoch 81/100
2026-01-28 15:19:34,135 INFO     pid:153008 __main__:616:main GPU Memory Allocated: 0.37 GB
2026-01-28 15:19:34,135 INFO     pid:153008 __main__:617:main GPU Memory Reserved: 2.02 GB
2026-01-28 15:19:34,136 WARNING  pid:153008 util.util:091:enumerateWithEstimate E81 Training ----/103, starting
2026-01-28 15:20:07,483 INFO     pid:153008 util.util:111:enumerateWithEstimate E81 Training   32/103, done at 2026-01-28 15:21:01, 0:01:10
2026-01-28 15:20:32,165 INFO     pid:153008 util.util:111:enumerateWithEstimate E81 Training   64/103, done at 2026-01-28 15:21:01, 0:01:10
2026-01-28 15:21:00,651 WARNING  pid:153008 util.util:126:enumerateWithEstimate E81 Training ----/103, done at 2026-01-28 15:21:00
2026-01-28 15:21:00,653 WARNING  pid:153008 util.util:091:enumerateWithEstimate E81 Validation ----/26, starting
2026-01-28 15:21:17,970 WARNING  pid:153008 util.util:126:enumerateWithEstimate E81 Validation ----/26, done at 2026-01-28 15:21:17
2026-01-28 15:21:18,099 INFO     pid:153008 __main__:652:main Current learning rate: 1.0000000000000002e-07
2026-01-28 15:21:18,112 INFO     pid:153008 __main__:612:main Epoch 82/100
2026-01-28 15:21:18,113 INFO     pid:153008 __main__:616:main GPU Memory Allocated: 0.37 GB
2026-01-28 15:21:18,113 INFO     pid:153008 __main__:617:main GPU Memory Reserved: 2.02 GB
2026-01-28 15:21:18,114 WARNING  pid:153008 util.util:091:enumerateWithEstimate E82 Training ----/103, starting
2026-01-28 15:21:49,604 INFO     pid:153008 util.util:111:enumerateWithEstimate E82 Training   32/103, done at 2026-01-28 15:22:44, 0:01:10
2026-01-28 15:22:14,323 INFO     pid:153008 util.util:111:enumerateWithEstimate E82 Training   64/103, done at 2026-01-28 15:22:43, 0:01:10
2026-01-28 15:22:42,842 WARNING  pid:153008 util.util:126:enumerateWithEstimate E82 Training ----/103, done at 2026-01-28 15:22:42
2026-01-28 15:22:42,844 WARNING  pid:153008 util.util:091:enumerateWithEstimate E82 Validation ----/26, starting
2026-01-28 15:22:59,158 WARNING  pid:153008 util.util:126:enumerateWithEstimate E82 Validation ----/26, done at 2026-01-28 15:22:59
2026-01-28 15:22:59,163 INFO     pid:153008 __main__:652:main Current learning rate: 1.0000000000000002e-07
2026-01-28 15:22:59,177 INFO     pid:153008 __main__:612:main Epoch 83/100
2026-01-28 15:22:59,177 INFO     pid:153008 __main__:616:main GPU Memory Allocated: 0.37 GB
2026-01-28 15:22:59,177 INFO     pid:153008 __main__:617:main GPU Memory Reserved: 2.02 GB
2026-01-28 15:22:59,178 WARNING  pid:153008 util.util:091:enumerateWithEstimate E83 Training ----/103, starting
2026-01-28 15:23:32,065 INFO     pid:153008 util.util:111:enumerateWithEstimate E83 Training   32/103, done at 2026-01-28 15:24:26, 0:01:10
2026-01-28 15:23:56,321 INFO     pid:153008 util.util:111:enumerateWithEstimate E83 Training   64/103, done at 2026-01-28 15:24:25, 0:01:09
2026-01-28 15:24:24,967 WARNING  pid:153008 util.util:126:enumerateWithEstimate E83 Training ----/103, done at 2026-01-28 15:24:24
2026-01-28 15:24:24,968 WARNING  pid:153008 util.util:091:enumerateWithEstimate E83 Validation ----/26, starting
2026-01-28 15:24:43,324 WARNING  pid:153008 util.util:126:enumerateWithEstimate E83 Validation ----/26, done at 2026-01-28 15:24:43
2026-01-28 15:24:43,914 INFO     pid:153008 __main__:652:main Current learning rate: 1.0000000000000004e-08
2026-01-28 15:24:43,928 INFO     pid:153008 __main__:612:main Epoch 84/100
2026-01-28 15:24:43,929 INFO     pid:153008 __main__:616:main GPU Memory Allocated: 0.37 GB
2026-01-28 15:24:43,929 INFO     pid:153008 __main__:617:main GPU Memory Reserved: 2.02 GB
2026-01-28 15:24:43,930 WARNING  pid:153008 util.util:091:enumerateWithEstimate E84 Training ----/103, starting
2026-01-28 15:25:17,951 INFO     pid:153008 util.util:111:enumerateWithEstimate E84 Training   32/103, done at 2026-01-28 15:26:11, 0:01:09
2026-01-28 15:25:42,323 INFO     pid:153008 util.util:111:enumerateWithEstimate E84 Training   64/103, done at 2026-01-28 15:26:11, 0:01:09
2026-01-28 15:26:11,062 WARNING  pid:153008 util.util:126:enumerateWithEstimate E84 Training ----/103, done at 2026-01-28 15:26:11
2026-01-28 15:26:11,064 WARNING  pid:153008 util.util:091:enumerateWithEstimate E84 Validation ----/26, starting
2026-01-28 15:26:29,495 WARNING  pid:153008 util.util:126:enumerateWithEstimate E84 Validation ----/26, done at 2026-01-28 15:26:29
2026-01-28 15:26:30,102 INFO     pid:153008 __main__:652:main Current learning rate: 1.0000000000000004e-08
2026-01-28 15:26:30,115 INFO     pid:153008 __main__:612:main Epoch 85/100
2026-01-28 15:26:30,116 INFO     pid:153008 __main__:616:main GPU Memory Allocated: 0.37 GB
2026-01-28 15:26:30,116 INFO     pid:153008 __main__:617:main GPU Memory Reserved: 2.02 GB
2026-01-28 15:26:30,117 WARNING  pid:153008 util.util:091:enumerateWithEstimate E85 Training ----/103, starting
2026-01-28 15:27:02,926 INFO     pid:153008 util.util:111:enumerateWithEstimate E85 Training   32/103, done at 2026-01-28 15:27:56, 0:01:09
2026-01-28 15:27:27,276 INFO     pid:153008 util.util:111:enumerateWithEstimate E85 Training   64/103, done at 2026-01-28 15:27:56, 0:01:09
2026-01-28 15:27:55,802 WARNING  pid:153008 util.util:126:enumerateWithEstimate E85 Training ----/103, done at 2026-01-28 15:27:55
2026-01-28 15:27:55,803 WARNING  pid:153008 util.util:091:enumerateWithEstimate E85 Validation ----/26, starting
2026-01-28 15:28:13,559 WARNING  pid:153008 util.util:126:enumerateWithEstimate E85 Validation ----/26, done at 2026-01-28 15:28:13
2026-01-28 15:28:13,771 INFO     pid:153008 __main__:652:main Current learning rate: 1.0000000000000004e-08
2026-01-28 15:28:13,785 INFO     pid:153008 __main__:612:main Epoch 86/100
2026-01-28 15:28:13,786 INFO     pid:153008 __main__:616:main GPU Memory Allocated: 0.37 GB
2026-01-28 15:28:13,786 INFO     pid:153008 __main__:617:main GPU Memory Reserved: 2.02 GB
2026-01-28 15:28:13,792 WARNING  pid:153008 util.util:091:enumerateWithEstimate E86 Training ----/103, starting
2026-01-28 15:28:46,716 INFO     pid:153008 util.util:111:enumerateWithEstimate E86 Training   32/103, done at 2026-01-28 15:29:40, 0:01:10
2026-01-28 15:29:10,959 INFO     pid:153008 util.util:111:enumerateWithEstimate E86 Training   64/103, done at 2026-01-28 15:29:39, 0:01:09
2026-01-28 15:29:39,365 WARNING  pid:153008 util.util:126:enumerateWithEstimate E86 Training ----/103, done at 2026-01-28 15:29:39
2026-01-28 15:29:39,366 WARNING  pid:153008 util.util:091:enumerateWithEstimate E86 Validation ----/26, starting
2026-01-28 15:29:56,749 WARNING  pid:153008 util.util:126:enumerateWithEstimate E86 Validation ----/26, done at 2026-01-28 15:29:56
2026-01-28 15:29:56,873 INFO     pid:153008 __main__:652:main Current learning rate: 1.0000000000000004e-08
2026-01-28 15:29:56,888 INFO     pid:153008 __main__:612:main Epoch 87/100
2026-01-28 15:29:56,888 INFO     pid:153008 __main__:616:main GPU Memory Allocated: 0.37 GB
2026-01-28 15:29:56,888 INFO     pid:153008 __main__:617:main GPU Memory Reserved: 2.02 GB
2026-01-28 15:29:56,895 WARNING  pid:153008 util.util:091:enumerateWithEstimate E87 Training ----/103, starting
2026-01-28 15:30:29,989 INFO     pid:153008 util.util:111:enumerateWithEstimate E87 Training   32/103, done at 2026-01-28 15:31:23, 0:01:09
2026-01-28 15:30:54,526 INFO     pid:153008 util.util:111:enumerateWithEstimate E87 Training   64/103, done at 2026-01-28 15:31:23, 0:01:09
2026-01-28 15:31:23,267 WARNING  pid:153008 util.util:126:enumerateWithEstimate E87 Training ----/103, done at 2026-01-28 15:31:23
2026-01-28 15:31:23,269 WARNING  pid:153008 util.util:091:enumerateWithEstimate E87 Validation ----/26, starting
2026-01-28 15:31:41,009 WARNING  pid:153008 util.util:126:enumerateWithEstimate E87 Validation ----/26, done at 2026-01-28 15:31:41
2026-01-28 15:31:41,682 INFO     pid:153008 __main__:652:main Current learning rate: 1.0000000000000004e-08
2026-01-28 15:31:41,695 INFO     pid:153008 __main__:612:main Epoch 88/100
2026-01-28 15:31:41,696 INFO     pid:153008 __main__:616:main GPU Memory Allocated: 0.37 GB
2026-01-28 15:31:41,696 INFO     pid:153008 __main__:617:main GPU Memory Reserved: 2.02 GB
2026-01-28 15:31:41,697 WARNING  pid:153008 util.util:091:enumerateWithEstimate E88 Training ----/103, starting
2026-01-28 15:32:16,478 INFO     pid:153008 util.util:111:enumerateWithEstimate E88 Training   32/103, done at 2026-01-28 15:33:11, 0:01:11
2026-01-28 15:32:41,025 INFO     pid:153008 util.util:111:enumerateWithEstimate E88 Training   64/103, done at 2026-01-28 15:33:10, 0:01:10
2026-01-28 15:33:09,640 WARNING  pid:153008 util.util:126:enumerateWithEstimate E88 Training ----/103, done at 2026-01-28 15:33:09
2026-01-28 15:33:09,642 WARNING  pid:153008 util.util:091:enumerateWithEstimate E88 Validation ----/26, starting
2026-01-28 15:33:26,517 WARNING  pid:153008 util.util:126:enumerateWithEstimate E88 Validation ----/26, done at 2026-01-28 15:33:26
2026-01-28 15:33:27,068 INFO     pid:153008 __main__:652:main Current learning rate: 1.0000000000000004e-08
2026-01-28 15:33:27,081 INFO     pid:153008 __main__:612:main Epoch 89/100
2026-01-28 15:33:27,082 INFO     pid:153008 __main__:616:main GPU Memory Allocated: 0.37 GB
2026-01-28 15:33:27,082 INFO     pid:153008 __main__:617:main GPU Memory Reserved: 2.02 GB
2026-01-28 15:33:27,082 WARNING  pid:153008 util.util:091:enumerateWithEstimate E89 Training ----/103, starting
2026-01-28 15:34:00,300 INFO     pid:153008 util.util:111:enumerateWithEstimate E89 Training   32/103, done at 2026-01-28 15:34:53, 0:01:09
2026-01-28 15:34:25,218 INFO     pid:153008 util.util:111:enumerateWithEstimate E89 Training   64/103, done at 2026-01-28 15:34:54, 0:01:10
2026-01-28 15:34:54,203 WARNING  pid:153008 util.util:126:enumerateWithEstimate E89 Training ----/103, done at 2026-01-28 15:34:54
2026-01-28 15:34:54,204 WARNING  pid:153008 util.util:091:enumerateWithEstimate E89 Validation ----/26, starting
2026-01-28 15:35:11,301 WARNING  pid:153008 util.util:126:enumerateWithEstimate E89 Validation ----/26, done at 2026-01-28 15:35:11
2026-01-28 15:35:11,876 INFO     pid:153008 __main__:652:main Current learning rate: 1.0000000000000004e-08
2026-01-28 15:35:11,889 INFO     pid:153008 __main__:612:main Epoch 90/100
2026-01-28 15:35:11,890 INFO     pid:153008 __main__:616:main GPU Memory Allocated: 0.37 GB
2026-01-28 15:35:11,890 INFO     pid:153008 __main__:617:main GPU Memory Reserved: 2.02 GB
2026-01-28 15:35:11,891 WARNING  pid:153008 util.util:091:enumerateWithEstimate E90 Training ----/103, starting
2026-01-28 15:35:45,744 INFO     pid:153008 util.util:111:enumerateWithEstimate E90 Training   32/103, done at 2026-01-28 15:36:39, 0:01:10
2026-01-28 15:36:10,262 INFO     pid:153008 util.util:111:enumerateWithEstimate E90 Training   64/103, done at 2026-01-28 15:36:39, 0:01:09
2026-01-28 15:36:39,034 WARNING  pid:153008 util.util:126:enumerateWithEstimate E90 Training ----/103, done at 2026-01-28 15:36:39
2026-01-28 15:36:39,035 WARNING  pid:153008 util.util:091:enumerateWithEstimate E90 Validation ----/26, starting
2026-01-28 15:36:56,308 WARNING  pid:153008 util.util:126:enumerateWithEstimate E90 Validation ----/26, done at 2026-01-28 15:36:56
2026-01-28 15:36:56,384 INFO     pid:153008 __main__:652:main Current learning rate: 1.0000000000000004e-08
2026-01-28 15:36:56,398 INFO     pid:153008 __main__:612:main Epoch 91/100
2026-01-28 15:36:56,398 INFO     pid:153008 __main__:616:main GPU Memory Allocated: 0.37 GB
2026-01-28 15:36:56,398 INFO     pid:153008 __main__:617:main GPU Memory Reserved: 2.02 GB
2026-01-28 15:36:56,399 WARNING  pid:153008 util.util:091:enumerateWithEstimate E91 Training ----/103, starting
2026-01-28 15:37:29,824 INFO     pid:153008 util.util:111:enumerateWithEstimate E91 Training   32/103, done at 2026-01-28 15:38:24, 0:01:10
2026-01-28 15:37:54,231 INFO     pid:153008 util.util:111:enumerateWithEstimate E91 Training   64/103, done at 2026-01-28 15:38:23, 0:01:09
2026-01-28 15:38:22,879 WARNING  pid:153008 util.util:126:enumerateWithEstimate E91 Training ----/103, done at 2026-01-28 15:38:22
2026-01-28 15:38:22,880 WARNING  pid:153008 util.util:091:enumerateWithEstimate E91 Validation ----/26, starting
2026-01-28 15:38:40,595 WARNING  pid:153008 util.util:126:enumerateWithEstimate E91 Validation ----/26, done at 2026-01-28 15:38:40
2026-01-28 15:38:40,599 INFO     pid:153008 __main__:652:main Current learning rate: 1.0000000000000004e-08
2026-01-28 15:38:40,613 INFO     pid:153008 __main__:612:main Epoch 92/100
2026-01-28 15:38:40,613 INFO     pid:153008 __main__:616:main GPU Memory Allocated: 0.37 GB
2026-01-28 15:38:40,614 INFO     pid:153008 __main__:617:main GPU Memory Reserved: 2.02 GB
2026-01-28 15:38:40,614 WARNING  pid:153008 util.util:091:enumerateWithEstimate E92 Training ----/103, starting
2026-01-28 15:39:14,617 INFO     pid:153008 util.util:111:enumerateWithEstimate E92 Training   32/103, done at 2026-01-28 15:40:08, 0:01:10
2026-01-28 15:39:39,233 INFO     pid:153008 util.util:111:enumerateWithEstimate E92 Training   64/103, done at 2026-01-28 15:40:08, 0:01:10
2026-01-28 15:40:08,143 WARNING  pid:153008 util.util:126:enumerateWithEstimate E92 Training ----/103, done at 2026-01-28 15:40:08
2026-01-28 15:40:08,144 WARNING  pid:153008 util.util:091:enumerateWithEstimate E92 Validation ----/26, starting
2026-01-28 15:40:26,528 WARNING  pid:153008 util.util:126:enumerateWithEstimate E92 Validation ----/26, done at 2026-01-28 15:40:26
2026-01-28 15:40:27,297 INFO     pid:153008 __main__:652:main Current learning rate: 1.0000000000000004e-08
2026-01-28 15:40:27,311 INFO     pid:153008 __main__:612:main Epoch 93/100
2026-01-28 15:40:27,311 INFO     pid:153008 __main__:616:main GPU Memory Allocated: 0.37 GB
2026-01-28 15:40:27,311 INFO     pid:153008 __main__:617:main GPU Memory Reserved: 2.02 GB
2026-01-28 15:40:27,312 WARNING  pid:153008 util.util:091:enumerateWithEstimate E93 Training ----/103, starting
2026-01-28 15:40:59,814 INFO     pid:153008 util.util:111:enumerateWithEstimate E93 Training   32/103, done at 2026-01-28 15:41:54, 0:01:11
2026-01-28 15:41:24,439 INFO     pid:153008 util.util:111:enumerateWithEstimate E93 Training   64/103, done at 2026-01-28 15:41:53, 0:01:10
2026-01-28 15:41:53,189 WARNING  pid:153008 util.util:126:enumerateWithEstimate E93 Training ----/103, done at 2026-01-28 15:41:53
2026-01-28 15:41:53,190 WARNING  pid:153008 util.util:091:enumerateWithEstimate E93 Validation ----/26, starting
2026-01-28 15:42:10,553 WARNING  pid:153008 util.util:126:enumerateWithEstimate E93 Validation ----/26, done at 2026-01-28 15:42:10
2026-01-28 15:42:10,654 INFO     pid:153008 __main__:652:main Current learning rate: 1.0000000000000004e-08
2026-01-28 15:42:10,668 INFO     pid:153008 __main__:612:main Epoch 94/100
2026-01-28 15:42:10,668 INFO     pid:153008 __main__:616:main GPU Memory Allocated: 0.37 GB
2026-01-28 15:42:10,668 INFO     pid:153008 __main__:617:main GPU Memory Reserved: 2.02 GB
2026-01-28 15:42:10,669 WARNING  pid:153008 util.util:091:enumerateWithEstimate E94 Training ----/103, starting
2026-01-28 15:42:43,860 INFO     pid:153008 util.util:111:enumerateWithEstimate E94 Training   32/103, done at 2026-01-28 15:43:37, 0:01:10
2026-01-28 15:43:08,424 INFO     pid:153008 util.util:111:enumerateWithEstimate E94 Training   64/103, done at 2026-01-28 15:43:37, 0:01:09
2026-01-28 15:43:37,279 WARNING  pid:153008 util.util:126:enumerateWithEstimate E94 Training ----/103, done at 2026-01-28 15:43:37
2026-01-28 15:43:37,281 WARNING  pid:153008 util.util:091:enumerateWithEstimate E94 Validation ----/26, starting
2026-01-28 15:43:55,270 WARNING  pid:153008 util.util:126:enumerateWithEstimate E94 Validation ----/26, done at 2026-01-28 15:43:55
2026-01-28 15:43:55,662 INFO     pid:153008 __main__:652:main Current learning rate: 1.0000000000000004e-08
2026-01-28 15:43:55,675 INFO     pid:153008 __main__:612:main Epoch 95/100
2026-01-28 15:43:55,676 INFO     pid:153008 __main__:616:main GPU Memory Allocated: 0.37 GB
2026-01-28 15:43:55,676 INFO     pid:153008 __main__:617:main GPU Memory Reserved: 2.02 GB
2026-01-28 15:43:55,677 WARNING  pid:153008 util.util:091:enumerateWithEstimate E95 Training ----/103, starting
2026-01-28 15:44:28,576 INFO     pid:153008 util.util:111:enumerateWithEstimate E95 Training   32/103, done at 2026-01-28 15:45:22, 0:01:10
2026-01-28 15:44:53,155 INFO     pid:153008 util.util:111:enumerateWithEstimate E95 Training   64/103, done at 2026-01-28 15:45:22, 0:01:09
2026-01-28 15:45:21,773 WARNING  pid:153008 util.util:126:enumerateWithEstimate E95 Training ----/103, done at 2026-01-28 15:45:21
2026-01-28 15:45:21,774 WARNING  pid:153008 util.util:091:enumerateWithEstimate E95 Validation ----/26, starting
2026-01-28 15:45:39,716 WARNING  pid:153008 util.util:126:enumerateWithEstimate E95 Validation ----/26, done at 2026-01-28 15:45:39
2026-01-28 15:45:40,211 INFO     pid:153008 __main__:652:main Current learning rate: 1.0000000000000004e-08
2026-01-28 15:45:40,224 INFO     pid:153008 __main__:612:main Epoch 96/100
2026-01-28 15:45:40,225 INFO     pid:153008 __main__:616:main GPU Memory Allocated: 0.37 GB
2026-01-28 15:45:40,225 INFO     pid:153008 __main__:617:main GPU Memory Reserved: 2.02 GB
2026-01-28 15:45:40,225 WARNING  pid:153008 util.util:091:enumerateWithEstimate E96 Training ----/103, starting
2026-01-28 15:46:12,170 INFO     pid:153008 util.util:111:enumerateWithEstimate E96 Training   32/103, done at 2026-01-28 15:47:05, 0:01:09
2026-01-28 15:46:36,632 INFO     pid:153008 util.util:111:enumerateWithEstimate E96 Training   64/103, done at 2026-01-28 15:47:05, 0:01:09
2026-01-28 15:47:05,198 WARNING  pid:153008 util.util:126:enumerateWithEstimate E96 Training ----/103, done at 2026-01-28 15:47:05
2026-01-28 15:47:05,199 WARNING  pid:153008 util.util:091:enumerateWithEstimate E96 Validation ----/26, starting
2026-01-28 15:47:23,204 WARNING  pid:153008 util.util:126:enumerateWithEstimate E96 Validation ----/26, done at 2026-01-28 15:47:23
2026-01-28 15:47:23,665 INFO     pid:153008 __main__:652:main Current learning rate: 1.0000000000000004e-08
2026-01-28 15:47:23,680 INFO     pid:153008 __main__:612:main Epoch 97/100
2026-01-28 15:47:23,681 INFO     pid:153008 __main__:616:main GPU Memory Allocated: 0.37 GB
2026-01-28 15:47:23,681 INFO     pid:153008 __main__:617:main GPU Memory Reserved: 2.02 GB
2026-01-28 15:47:23,683 WARNING  pid:153008 util.util:091:enumerateWithEstimate E97 Training ----/103, starting
2026-01-28 15:47:56,558 INFO     pid:153008 util.util:111:enumerateWithEstimate E97 Training   32/103, done at 2026-01-28 15:48:50, 0:01:09
2026-01-28 15:48:21,198 INFO     pid:153008 util.util:111:enumerateWithEstimate E97 Training   64/103, done at 2026-01-28 15:48:50, 0:01:09
2026-01-28 15:48:49,948 WARNING  pid:153008 util.util:126:enumerateWithEstimate E97 Training ----/103, done at 2026-01-28 15:48:49
2026-01-28 15:48:49,950 WARNING  pid:153008 util.util:091:enumerateWithEstimate E97 Validation ----/26, starting
2026-01-28 15:49:07,791 WARNING  pid:153008 util.util:126:enumerateWithEstimate E97 Validation ----/26, done at 2026-01-28 15:49:07
2026-01-28 15:49:07,935 INFO     pid:153008 __main__:652:main Current learning rate: 1.0000000000000004e-08
2026-01-28 15:49:07,949 INFO     pid:153008 __main__:612:main Epoch 98/100
2026-01-28 15:49:07,949 INFO     pid:153008 __main__:616:main GPU Memory Allocated: 0.37 GB
2026-01-28 15:49:07,950 INFO     pid:153008 __main__:617:main GPU Memory Reserved: 2.02 GB
2026-01-28 15:49:07,950 WARNING  pid:153008 util.util:091:enumerateWithEstimate E98 Training ----/103, starting
2026-01-28 15:49:39,991 INFO     pid:153008 util.util:111:enumerateWithEstimate E98 Training   32/103, done at 2026-01-28 15:50:34, 0:01:10
2026-01-28 15:50:04,712 INFO     pid:153008 util.util:111:enumerateWithEstimate E98 Training   64/103, done at 2026-01-28 15:50:34, 0:01:10
2026-01-28 15:50:33,554 WARNING  pid:153008 util.util:126:enumerateWithEstimate E98 Training ----/103, done at 2026-01-28 15:50:33
2026-01-28 15:50:33,556 WARNING  pid:153008 util.util:091:enumerateWithEstimate E98 Validation ----/26, starting
2026-01-28 15:50:51,643 WARNING  pid:153008 util.util:126:enumerateWithEstimate E98 Validation ----/26, done at 2026-01-28 15:50:51
2026-01-28 15:50:51,697 INFO     pid:153008 __main__:652:main Current learning rate: 1.0000000000000004e-08
2026-01-28 15:50:51,711 INFO     pid:153008 __main__:612:main Epoch 99/100
2026-01-28 15:50:51,711 INFO     pid:153008 __main__:616:main GPU Memory Allocated: 0.37 GB
2026-01-28 15:50:51,711 INFO     pid:153008 __main__:617:main GPU Memory Reserved: 2.02 GB
2026-01-28 15:50:51,712 WARNING  pid:153008 util.util:091:enumerateWithEstimate E99 Training ----/103, starting
2026-01-28 15:51:24,454 INFO     pid:153008 util.util:111:enumerateWithEstimate E99 Training   32/103, done at 2026-01-28 15:52:18, 0:01:10
2026-01-28 15:51:49,076 INFO     pid:153008 util.util:111:enumerateWithEstimate E99 Training   64/103, done at 2026-01-28 15:52:18, 0:01:10
2026-01-28 15:52:17,821 WARNING  pid:153008 util.util:126:enumerateWithEstimate E99 Training ----/103, done at 2026-01-28 15:52:17
2026-01-28 15:52:17,822 WARNING  pid:153008 util.util:091:enumerateWithEstimate E99 Validation ----/26, starting
2026-01-28 15:52:35,989 WARNING  pid:153008 util.util:126:enumerateWithEstimate E99 Validation ----/26, done at 2026-01-28 15:52:35
2026-01-28 15:52:36,739 INFO     pid:153008 __main__:652:main Current learning rate: 1.0000000000000004e-08
2026-01-28 15:52:36,754 INFO     pid:153008 __main__:612:main Epoch 100/100
2026-01-28 15:52:36,754 INFO     pid:153008 __main__:616:main GPU Memory Allocated: 0.37 GB
2026-01-28 15:52:36,755 INFO     pid:153008 __main__:617:main GPU Memory Reserved: 2.02 GB
2026-01-28 15:52:36,756 WARNING  pid:153008 util.util:091:enumerateWithEstimate E100 Training ----/103, starting
2026-01-28 15:53:09,671 INFO     pid:153008 util.util:111:enumerateWithEstimate E100 Training   32/103, done at 2026-01-28 15:54:03, 0:01:09
2026-01-28 15:53:34,163 INFO     pid:153008 util.util:111:enumerateWithEstimate E100 Training   64/103, done at 2026-01-28 15:54:03, 0:01:09
2026-01-28 15:54:02,742 WARNING  pid:153008 util.util:126:enumerateWithEstimate E100 Training ----/103, done at 2026-01-28 15:54:02
2026-01-28 15:54:02,744 WARNING  pid:153008 util.util:091:enumerateWithEstimate E100 Validation ----/26, starting
2026-01-28 15:54:20,800 WARNING  pid:153008 util.util:126:enumerateWithEstimate E100 Validation ----/26, done at 2026-01-28 15:54:20
2026-01-28 15:54:21,578 INFO     pid:153008 __main__:652:main Current learning rate: 1.0000000000000004e-08
2026-01-28 15:54:21,698 INFO     pid:153008 inference.make_predictions:075:load_model Using Regressor
2026-01-28 15:54:21,820 INFO     pid:153008 inference.make_predictions:088:load_model Successfully loaded model from /scratch.global/lundq163/auto_qc/auto_qc_model_02r7/model_02r7_fold_0.pt
2026-01-28 18:58:42,339 INFO     pid:153008 __main__:675:main standardized_rmse: 0.5644084694640609
2026-01-28 18:58:43,364 INFO     pid:153008 __main__:680:main correlation_coefficient: 0.8256495477014125
2026-01-28 18:58:43,371 INFO     pid:153008 __main__:683:main Pearson correlation p-value: 2.3344669624852788e-52
2026-01-28 18:58:43,382 INFO     pid:153008 __main__:686:main Spearman correlation p-value: 1.6644197250511976e-46
